0	SAMD11
1	HES4
2	ISG15
3	TNFRSF18
4	TNFRSF4
5	MXRA8
6	VWA1
7	ATAD3B
8	ATAD3A
9	MIB2
10	MMP23B
11	NADK
12	GNB1
13	FAAP20
14	SKI
15	MEGF6
16	TP73
17	SMIM1
18	AJAP1
19	KCNAB2
20	ACOT7
21	ESPN
22	TNFRSF25
23	VAMP3
24	UTS2
25	TNFRSF9
26	ERRFI1
27	RERE
28	ENO1
29	SLC2A5
30	RP3-510D11.2
31	H6PD
32	SLC25A33
33	PIK3CD-AS2
34	CLSTN1
35	RBP7
36	PGD
37	APITD1
38	MASP2
39	SRM
40	FBXO2
41	MAD2L2
42	AGTRAP
43	TNFRSF8
44	TNFRSF1B
45	PDPN
46	KAZN
47	EFHD2
48	RP4-680D5.9
49	RP11-169K16.4
50	FBLIM1
51	UQCRHL
52	NECAP2
53	RP11-108M9.4
54	RP11-108M9.6
55	MFAP2
56	IGSF21
57	UBR4
58	MRTO4
59	AKR7A3
60	AKR7A2
61	NBL1
62	PLA2G2A
63	PLA2G5
64	CAMK2N1
65	CDA
66	PINK1
67	DDOST
68	ECE1
69	ALPL
70	USP48
71	HSPG2
72	C1QA
73	C1QC
74	C1QB
75	HNRNPR
76	TCEA3
77	E2F2
78	ID3
79	MDS2
80	HMGCL
81	FUCA1
82	PNRC2
83	SRSF10
84	RCAN3
85	CLIC4
86	RUNX3
87	RSRP1
88	RHD
89	RHCE
90	MAN1C1
91	SEPN1
92	STMN1
93	SLC30A2
94	FAM110D
95	CD52
96	ZNF683
97	HMGN2
98	RPS6KA1
99	SFN
100	NR0B2
101	SYTL1
102	MAP3K6
103	FCN3
104	CD164L2
105	RP1-159A19.4
106	FGR
107	IFI6
108	THEMIS2
109	RPA2
110	PTAFR
111	RCC1
112	YTHDF2
113	SRSF4
114	LAPTM5
115	SDC3
116	SNRNP40
117	FABP3
118	SERINC2
119	TINAGL1
120	COL16A1
121	CCDC28B
122	FAM167B
123	LCK
124	HDAC1
125	MARCKSL1
126	ZBTB8A
127	ZBTB8OS
128	RBBP4
129	YARS
130	TMEM54
131	RNF19B
132	AK2
133	SMIM12
134	GJA4
135	CLSPN
136	TRAPPC3
137	THRAP3
138	EVA1B
139	LSM10
140	CSF3R
141	GNL2
142	CDCA8
143	C1orf122
144	SF3A3
145	UTP11L
146	MACF1
147	BMP8B
148	OXCT2
149	PPT1
150	TMCO2
151	CITED4
152	PPCS
153	PPIH
154	YBX1
155	SLC2A1
156	EBNA1BP2
157	TMEM125
158	TIE1
159	CDC20
160	PTPRF
161	SLC6A9
162	TMEM53
163	KIF2C
164	PLK3
165	PTCH2
166	UROD
167	TOE1
168	NASP
169	CYP4B1
170	CYP4A22
171	PDZK1IP1
172	TAL1
173	RP1-18D14.7
174	SPATA6
175	ELAVL4
176	CDKN2C
177	NRDC
178	TXNDC12
179	BTF3L4
180	ORC1
181	PRPF38A
182	GPX7
183	ZYG11B
184	PODN
185	CPT2
186	MAGOH
187	DIO1
188	HSPB11
189	CYB5RL
190	SSBP3
191	RP4-710M16.2
192	PLPP3
193	PRKAA2
194	TACSTD2
195	JUN
196	FGGY
197	USP1
198	ANGPTL3
199	ITGB3BP
200	LEPR
201	PDE4B
202	SLC35D1
203	IL23R
204	RP11-393N21.2
205	GADD45A
206	GNG12
207	WLS
208	DEPDC1
209	CTH
210	ZRANB2
211	RABGGTB
212	ST6GALNAC3
213	NEXN
214	RP11-386I14.4
215	IFI44L
216	ADGRL4
217	RP5-887A10.1
218	RPF1
219	DDAH1
220	RP4-621F18.2
221	CYR61
222	ODF2L
223	GBP1
224	GBP2
225	GBP4
226	GBP5
227	RP4-665J23.1
228	CDC7
229	TGFBR3
230	TMED5
231	GCLM
232	ABCA4
233	ARHGAP29
234	ABCD3
235	F3
236	ALG14
237	RP11-57H12.3
238	DPYD
239	PALMD
240	AGL
241	RTCA
242	VCAM1
243	S1PR1
244	HENMT1
245	GPSM2
246	PSRC1
247	GSTM1
248	GSTM5
249	GSTM3
250	EPS8L3
251	CSF1
252	KCNC4
253	KCNA3
254	CD53
255	RP11-96K19.2
256	RP11-96K19.5
257	DRAM2
258	DENND2D
259	CHI3L2
260	C1orf162
261	TMIGD3
262	ADORA3
263	CTTNBP2NL
264	PPM1J
265	RP3-522D1.1
266	HIPK1-AS1
267	OLFML3
268	BCAS2
269	AMPD1
270	NGF
271	ATP1A1
272	RP4-655J12.4
273	CD2
274	FAM46C
275	PHGDH
276	FCGR1B
277	RP11-403I13.5
278	FAM72C
279	RP11-289H16.1
280	SRGAP2B
281	FAM72D
282	CH17-373J23.1
283	PDZK1
284	CD160
285	RNF115
286	ITGA10
287	POLR3GL
288	HFE2
289	GJA5
290	PDE4DIP
291	CH17-189H20.1
292	LINC00869
293	FCGR1A
294	HIST2H2BE
295	HIST2H2AC
296	HIST2H2AB
297	PLEKHO1
298	ANP32E
299	APH1A
300	C1orf54
301	ECM1
302	CTSS
303	ANXA9
304	C1orf56
305	CDC42SE1
306	MRPL9
307	C2CD4D
308	S100A11
309	TCHH
310	S100A9
311	S100A12
312	S100A8
313	S100A6
314	S100A4
315	S100A16
316	S100A14
317	S100A13
318	S100A1
319	ILF2
320	NPR1
321	SLC27A3
322	SLC39A1
323	IL6R
324	SHE
325	KCNN3
326	SHC1
327	CKS1B
328	ADAM15
329	EFNA1
330	SLC50A1
331	MUC1
332	MTX1
333	FDPS
334	DAP3
335	SSR2
336	RAB25
337	LMNA
338	SEMA4A
339	PMF1
340	C1orf61
341	IQGAP3
342	APOA1BP
343	GPATCH4
344	NES
345	CRABP2
346	MRPL24
347	SH2D2A
348	PEAR1
349	RP11-85G21.3
350	FCRL5
351	FCRL2
352	FCRL1
353	CD5L
354	CD1D
355	RP11-404O13.5
356	CD1C
357	CD1E
358	SPTA1
359	MNDA
360	PYHIN1
361	CADM3
362	ACKR1
363	FCER1A
364	APCS
365	CRP
366	FCRL6
367	TAGLN2
368	LINC01133
369	KCNJ10
370	PEA15
371	RP11-528G1.2
372	CD84
373	CD48
374	SLAMF7
375	LY9
376	ITLN1
377	ARHGAP30
378	B4GALT3
379	ADAMTS4
380	FCER1G
381	NR1I3
382	MPZ
383	FCGR2A
384	HSPA6
385	FCGR3A
386	FCGR2B
387	FCRLA
388	OLFML2B
389	SH2D1B
390	UAP1
391	DDR2
392	HSD17B7
393	NUF2
394	PBX1
395	POU2F1
396	CD247
397	CREG1
398	RCSD1
399	MPC2
400	DCAF6
401	TIPRL
402	SFT2D2
403	XCL2
404	XCL1
405	DPT
406	ATP1B1
407	SELP
408	SELL
409	SELE
410	RP1-79C4.4
411	FMO3
412	DNM3
413	DNM3OS
414	RP11-296O14.3
415	SERPINC1
416	CACYBP
417	MRPS14
418	KIAA0040
419	PAPPA2
420	SEC16B
421	RASAL2
422	ANGPTL1
423	TOR3A
424	QSOX1
425	IER5
426	GLUL
427	RGS16
428	NPL
429	LAMC2
430	NCF2
431	ARPC5
432	RGL1
433	TSEN15
434	C1orf21
435	FAM129A
436	IVNS1ABP
437	PRG4
438	TPR
439	PTGS2
440	RGS18
441	RGS1
442	RGS13
443	RGS2
444	UCHL5
445	B3GALT2
446	CFH
447	CFHR3
448	CFHR1
449	CFHR4
450	CFHR2
451	CFHR5
452	F13B
453	ASPM
454	CRB1
455	C1orf53
456	KIF14
457	C1orf106
458	LAD1
459	PHLDA3
460	CSRP1
461	LMOD1
462	ELF3
463	PTPN7
464	UBE2T
465	ADIPOR1
466	CHI3L1
467	CHIT1
468	BTG2
469	FMOD
470	PRELP
471	LAX1
472	ETNK2
473	GOLT1A
474	MDM4
475	TMCC2
476	RAB7B
477	CTSE
478	C1orf186
479	RP11-534L20.5
480	RASSF5
481	IL10
482	FCMR
483	PIGR
484	C1orf116
485	C4BPB
486	C4BPA
487	CD55
488	CR1
489	CR1L
490	CD46
491	C1orf132
492	CD34
493	PLXNA2
494	G0S2
495	HSD11B1
496	TRAF3IP3
497	LINC00467
498	SLC30A1
499	NEK2
500	DTL
501	ATF3
502	BATF3
503	PROX1
504	PTPN14
505	CENPF
506	TGFB2
507	EPRS
508	IARS2
509	C1orf115
510	MARC2
511	FAM177B
512	CAPN2
513	DEGS1
514	CNIH4
515	WDR26
516	LBR
517	EPHX1
518	LEFTY1
519	MIXL1
520	PARP1
521	GJC2
522	HIST3H2A
523	HIST3H2BB
524	RNF187
525	RHOU
526	RAB4A
527	ABCB10
528	AGT
529	FAM89A
530	C1orf131
531	ARID4B
532	LYST
533	NID1
534	GPR137B
535	LGALS8
536	ACTN2
537	CHRM3
538	CHRM3-AS2
539	FH
540	EXO1
541	SDCCAG8
542	AKT3
543	TRIM58
544	SH3YL1
545	FAM150B
546	PXDN
547	COLEC11
548	AC092580.4
549	MBOAT2
550	ASAP2
551	ITGB1BP1
552	IAH1
553	CYS1
554	RRM2
555	C2orf48
556	HPCAL1
557	ODC1
558	PDIA6
559	LINC00570
560	TRIB2
561	FAM84A
562	DDX1
563	FAM49A
564	RP11-130L8.2
565	ITSN2
566	PTRHD1
567	POMC
568	AC104699.1
569	RAB10
570	CENPA
571	TMEM214
572	EMILIN1
573	KHK
574	PREB
575	SLC5A6
576	GTF3C2-AS1
577	SNX17
578	PPM1G
579	NRBP1
580	IFT172
581	FNDC4
582	FOSL2
583	WDR43
584	YPEL5
585	LBH
586	EHD3
587	DPY30
588	LTBP1
589	RASGRP3
590	LINC01320
591	RP11-490M8.1
592	CRIM1
593	FEZ2
594	VIT
595	QPCT
596	CDC42EP3
597	CYP1B1
598	SLC8A1
599	HAAO
600	SLC3A1
601	EPAS1
602	RHOQ
603	MCFD2
604	BCYRN1
605	EPCAM
606	MSH2
607	NRXN1
608	AC010967.2
609	CHAC2
610	ERLEC1
611	EML6
612	CCDC88A
613	EFEMP1
614	BCL11A
615	REL
616	COMMD1
617	PELI1
618	LINC00309
619	AC007386.4
620	C1D
621	CNRIP1
622	PLEK
623	ANTXR1
624	ANXA4
625	SNRNP27
626	PCYOX1
627	FAM136A
628	ADD2
629	CLEC4F
630	NAGK
631	MCEE
632	CYP26B1
633	PRADC1
634	CCT7
635	EGR4
636	NAT8
637	TPRKB
638	DUSP11
639	ACTG2
640	DGUOK
641	BOLA3
642	MOB1A
643	MTHFD2
644	WDR54
645	HTRA2
646	EVA1A
647	MRPL19
648	REG1A
649	TMSB10
650	TCF7L1
651	CAPG
652	MAT2A
653	GGCX
654	GNLY
655	CHMP3
656	CD8A
657	CD8B
658	PLGLB1
659	LINC00152
660	RP11-1399P15.1
661	PLGLB2
662	FABP1
663	RPIA
664	IGKC
665	IGKV1-12
666	IGKV1-8
667	IGKV4-1
668	IGKV1-5
669	IGKV1-6
670	IGKV1-9
671	IGKV3-11
672	IGKV3-15
673	IGKV1-16
674	IGKV1-17
675	IGKV3-20
676	IGKV6-21
677	IGKV2-24
678	IGKV1-27
679	IGKV2-30
680	IGKV1-39
681	IGKV1D-39
682	IGKV2D-30
683	IGKV2D-29
684	IGKV2D-28
685	IGKV3D-20
686	IGKV6D-41
687	IGKV1D-17
688	IGKV3D-15
689	IGKV1D-12
690	MAL
691	MRPS5
692	PROM2
693	FAHD2A
694	GPAT2
695	DUSP2
696	STARD7
697	NCAPH
698	ARID5A
699	ANKRD39
700	FAM178B
701	ZAP70
702	PDCL3
703	RNF149
704	IL1R2
705	IL1R1
706	IL1RL1
707	AC068535.3
708	FHL2
709	C2orf40
710	ST6GAL2
711	SULT1C2
712	SULT1C4
713	LIMS1
714	SEPT10
715	MALL
716	BUB1
717	ACOXL
718	BCL2L11
719	MIR4435-2HG
720	MERTK
721	SLC20A1
722	CKAP2L
723	IL1B
724	IL1RN
725	AC104653.1
726	LINC01191
727	MARCO
728	STEAP3
729	RALB
730	INHBB
731	NIFK
732	GYPC
733	BIN1
734	PROC
735	MYO7B
736	RP11-286H15.1
737	LIMS2
738	WDR33
739	IMP4
740	PTPN18
741	PLEKHB2
742	RP11-725P16.2
743	LYPD1
744	ACMSD
745	MCM6
746	DARS
747	CXCR4
748	KYNU
749	ARHGAP15
750	LYPD6B
751	LYPD6
752	RND3
753	TNFAIP6
754	FMNL2
755	PRPF40A
756	ARL6IP6
757	RPRM
758	NR4A2
759	CYTIP
760	UPP2
761	RP11-1152H14.1
762	RBMS1
763	PSMD14
764	SLC4A10
765	DPP4
766	FAP
767	GCA
768	COBLL1
769	AC013463.2
770	SCN3A
771	GALNT3
772	SCN7A
773	STK39
774	NOSTRIN
775	SPC25
776	DHRS9
777	SSB
778	METTL5
779	GORASP2
780	CYBRD1
781	HAT1
782	AC078883.3
783	AC093818.1
784	PDK1
785	CDCA7
786	CIR1
787	WIPF1
788	CHRNA1
789	CHN1
790	HOXD8
791	UBE2E3
792	ITGA4
793	SSFA2
794	PDE1A
795	NCKAP1
796	CALCRL
797	TFPI
798	GULP1
799	COL3A1
800	COL5A2
801	WDR75
802	SLC40A1
803	ORMDL1
804	C2orf88
805	HIBCH
806	INPP1
807	GLS
808	STAT4
809	MYO1B
810	NABP1
811	SDPR
812	AC098617.1
813	STK17B
814	RP11-347P5.1
815	HECW2
816	ANKRD44
817	AC013264.2
818	HSPD1
819	RFTN2
820	SGOL2
821	AOX1
822	TRAK2
823	STRADB
824	NOP58
825	BMPR2
826	ICA1L
827	CYP20A1
828	RAPH1
829	CD28
830	CTLA4
831	ICOS
832	NRP2
833	NDUFS1
834	KLF7
835	AC079767.4
836	FZD5
837	MAP2
838	BARD1
839	ATIC
840	FN1
841	PECR
842	IGFBP2
843	IGFBP5
844	TNS1
845	GPBAR1
846	SLC11A1
847	CTDSP1
848	CYP27A1
849	WNT6
850	WNT10A
851	TUBA4A
852	DES
853	GMPPA
854	CHPF
855	EPHA4
856	SCG2
857	SERPINE2
858	IRS1
859	MFF
860	CCL20
861	PID1
862	SP140
863	SP100
864	ITM2C
865	C2orf72
866	PSMD1
867	HTR2B
868	B3GNT7
869	PTMA
870	EIF4E2
871	EFHD1
872	C2orf82
873	INPP5D
874	UGT1A1
875	HJURP
876	TRPM8
877	SPP2
878	ARL4C
879	ACKR3
880	COL6A3
881	RAB17
882	RAMP1
883	FAM132B
884	HES6
885	AGXT
886	PASK
887	PPP1R7
888	SEPT2
889	BOK
890	DTYMK
891	NEU4
892	PDCD1
893	IL5RA
894	EGOT
895	BHLHE40
896	EDEM1
897	LMCD1
898	SSUH2
899	OXTR
900	CAMK1
901	EMC3
902	FANCD2
903	SEC13
904	VGLL4
905	TIMP4
906	TMEM40
907	FBLN2
908	WNT7A
909	SLC6A6
910	FGD5
911	MRPS25
912	SH3BP5
913	ANKRD28
914	GALNT15
915	SGOL1
916	RARB
917	EOMES
918	CMC1
919	RBMS3
920	AC116035.1
921	TGFBR2
922	STT3B
923	OSBPL10
924	ZNF860
925	CMTM8
926	CMTM7
927	CRTAP
928	LRRFIP2
929	ITGA9
930	CSRNP1
931	CX3CR1
932	CCK
933	VIPR1
934	SS18L2
935	NKTR
936	RP4-613B23.1
937	RP11-70C1.1
938	SNRK
939	RP11-188P20.3
940	SNRK-AS1
941	KIF15
942	CLEC3B
943	SLC6A20
944	CXCR6
945	CCR1
946	CCR2
947	LTF
948	RTP3
949	PTH1R
950	CCDC12
951	NCKIPSD
952	IMPDH2
953	QARS
954	LAMB2
955	GPX1
956	MST1
957	GMPPB
958	FAM212A
959	SEMA3F
960	SLC38A3
961	IFRD2
962	HYAL1
963	HYAL2
964	TUSC2
965	MANF
966	TEX264
967	ABHD14B
968	ALAS1
969	TWF2
970	GLYCTK
971	SEMA3G
972	NISCH
973	STAB1
974	NT5DC2
975	GNL3
976	SPCS1
977	ITIH4
978	TKT
979	CACNA2D3
980	ARHGEF3
981	FLNB
982	DNASE1L3
983	ACOX2
984	FAM107A
985	FAM3D
986	PTPRG
987	THOC7
988	PSMD6
989	PRICKLE2
990	ADAMTS9
991	MAGI1
992	FAM19A1
993	FRMD4B
994	PROK2
995	ROBO2
996	RP11-6B4.1
997	GBE1
998	CADM2
999	CGGBP1
1000	CLDND1
1001	CPOX
1002	ST3GAL6
1003	COL8A1
1004	CMSS1
1005	FILIP1L
1006	NIT2
1007	TMEM45A
1008	TFG
1009	ABI3BP
1010	PCNP
1011	NXPE3
1012	NFKBIZ
1013	ALCAM
1014	BBX
1015	CD47
1016	LINC01215
1017	HHLA2
1018	KIAA1524
1019	TRAT1
1020	FLJ22763
1021	CD96
1022	PLCXD2
1023	ATG3
1024	CCDC80
1025	CD200R1
1026	NAA50
1027	TIGIT
1028	RP11-553L6.5
1029	LSAMP
1030	UPK1B
1031	ARHGAP31
1032	TIMMDC1
1033	CD80
1034	PLA1A
1035	FSTL1
1036	POLQ
1037	HCLS1
1038	GOLGB1
1039	EAF2
1040	CD86
1041	CASR
1042	CSTA
1043	PARP14
1044	ADCY5
1045	MYLK
1046	MUC13
1047	HEG1
1048	OSBPL11
1049	SLC41A3
1050	UROC1
1051	MCM2
1052	MGLL
1053	SEC61A1
1054	RUVBL1
1055	GATA2
1056	GATA2-AS1
1057	GP9
1058	COPG1
1059	HMCES
1060	H1FX
1061	PLXND1
1062	NUDT16
1063	MRPL3
1064	UBA5
1065	BFSP2
1066	SRPRB
1067	RAB6B
1068	SLCO2A1
1069	AMOTL2
1070	ANAPC13
1071	ESYT3
1072	COPB2
1073	RBP1
1074	CLSTN2
1075	ZBTB38
1076	ATP1B3
1077	RP11-372E1.4
1078	U2SURP
1079	CHST2
1080	PLOD2
1081	PLSCR4
1082	PLSCR1
1083	AGTR1
1084	CPA3
1085	GYG1
1086	TM4SF18
1087	TM4SF1
1088	TM4SF1-AS1
1089	TM4SF4
1090	WWTR1
1091	RNF13
1092	EIF2A
1093	SIAH2
1094	GPR171
1095	P2RY13
1096	SUCNR1
1097	MBNL1-AS1
1098	RAP2B
1099	DHX36
1100	MME
1101	SSR3
1102	PTX3
1103	SHOX2
1104	RSRC1
1105	LXN
1106	RARRES1
1107	MFSD1
1108	SMC4
1109	TRIM59
1110	SPTSSB
1111	BCHE
1112	MECOM
1113	SAMD7
1114	GPR160
1115	SKIL
1116	CLDN11
1117	RPL22L1
1118	SLC2A2
1119	TNFSF10
1120	RP11-408H1.3
1121	ECT2
1122	GNB4
1123	MRPL47
1124	SOX2
1125	B3GNT5
1126	RP11-778D9.13
1127	ALG3
1128	PSMD2
1129	EIF4G1
1130	POLR2H
1131	MAP3K13
1132	LIPH
1133	IGF2BP2
1134	ETV5
1135	DGKG
1136	DNAJB11
1137	AHSG
1138	FETUB
1139	HRG
1140	RFC4
1141	RPL39L
1142	BCL6
1143	LPP
1144	P3H2
1145	CLDN1
1146	UTS2B
1147	CCDC50
1148	HES1
1149	CPN2
1150	LRRC15
1151	ATP13A3
1152	TMEM44
1153	FAM43A
1154	ACAP2
1155	PPP1R2
1156	APOD
1157	LINC00969
1158	TFRC
1159	BDH1
1160	SPON2
1161	CTBP1
1162	SLBP
1163	TACC3
1164	FGFR3
1165	WHSC1
1166	C4orf48
1167	MXD4
1168	ADD1
1169	LYAR
1170	NSG1
1171	MSX1
1172	CYTL1
1173	JAKMIP1
1174	S100P
1175	GRPEL1
1176	SH3TC1
1177	HS3ST1
1178	FAM200B
1179	BST1
1180	CD38
1181	FGFBP2
1182	PROM1
1183	LDB2
1184	LAP3
1185	NCAPG
1186	SLIT2
1187	KCNIP4
1188	ADGRA3
1189	PPARGC1A
1190	SOD3
1191	SLC34A2
1192	SEL1L3
1193	SMIM20
1194	RBPJ
1195	PCDH7
1196	DTHD1
1197	KLF3
1198	FAM114A1
1199	TMEM156
1200	RFC1
1201	KLB
1202	UBE2K
1203	RHOH
1204	RBM47
1205	APBB2
1206	UCHL1
1207	LIMCH1
1208	SHISA3
1209	TXK
1210	PDGFRA
1211	KIT
1212	KDR
1213	TMEM165
1214	NMU
1215	PAICS
1216	HOPX
1217	IGFBP7
1218	STAP1
1219	YTHDC1
1220	UGT2B17
1221	UGT2B15
1222	RP11-468N14.13
1223	UGT2A3
1224	UGT2B7
1225	UGT2B28
1226	UGT2B4
1227	SULT1E1
1228	ENAM
1229	JCHAIN
1230	GRSF1
1231	DCK
1232	SLC4A4
1233	GC
1234	ALB
1235	AFP
1236	CXCL8
1237	CXCL6
1238	PF4V1
1239	CXCL1
1240	PF4
1241	PPBP
1242	CXCL5
1243	CXCL3
1244	CXCL2
1245	MTHFD2L
1246	EREG
1247	AREG
1248	PARM1
1249	NAAA
1250	CXCL9
1251	CXCL10
1252	CXCL11
1253	SCARB2
1254	SHROOM3
1255	SEPT11
1256	CCNG2
1257	CXCL13
1258	MRPL1
1259	FRAS1
1260	ANXA3
1261	LINC01094
1262	RASGEF1B
1263	SCD5
1264	SEC31A
1265	PLAC8
1266	RP11-576N17.5
1267	HPSE
1268	ARHGAP24
1269	HSD17B13
1270	SPARCL1
1271	SPP1
1272	ABCG2
1273	FAM13A
1274	SNCA
1275	MMRN1
1276	HPGDS
1277	TSPAN5
1278	EIF4E
1279	ADH4
1280	ADH1A
1281	ADH1C
1282	H2AFZ
1283	EMCN
1284	BANK1
1285	SLC39A8
1286	BDH2
1287	CENPE
1288	RP11-328K4.1
1289	PPA2
1290	RP11-286E11.1
1291	LEF1
1292	OSTC
1293	CCDC109B
1294	AC004067.5
1295	PLA2G12A
1296	CFI
1297	ELOVL6
1298	C4orf32
1299	TIFA
1300	NDST3
1301	SYNPO2
1302	MAD2L1
1303	ANXA5
1304	CCNA2
1305	FGF2
1306	SPRY1
1307	ANKRD50
1308	FAT4
1309	LARP1B
1310	PGRMC2
1311	PCDH18
1312	SETD7
1313	RP11-102N12.3
1314	GYPE
1315	GYPB
1316	GYPA
1317	HHIP-AS1
1318	HHIP
1319	LSM6
1320	PRMT9
1321	MAB21L2
1322	RP11-18H21.1
1323	FBXW7
1324	RP11-768B22.2
1325	MND1
1326	TLR2
1327	FGB
1328	FGA
1329	FGG
1330	GUCY1A3
1331	TDO2
1332	FAM198B
1333	FNIP2
1334	NPY1R
1335	TMA16
1336	MARCH1
1337	LINC01207
1338	MSMO1
1339	CPE
1340	TLL1
1341	ANXA10
1342	PALLD
1343	LINC01612
1344	HMGB2
1345	SAP30
1346	SCRG1
1347	HAND2
1348	HAND2-AS1
1349	HPGD
1350	GPM6A
1351	SPCS3
1352	VEGFC
1353	IRF2
1354	CASP3
1355	CENPU
1356	LINC01093
1357	SLC25A4
1358	ANKRD37
1359	RP11-279O9.4
1360	PDLIM3
1361	CYP4V2
1362	FAT1
1363	PDCD6
1364	TRIP13
1365	SLC6A19
1366	CLPTM1L
1367	MRPL36
1368	MED10
1369	LINC01018
1370	SRD5A1
1371	CCT5
1372	CMBL
1373	MARCH6
1374	DAP
1375	CTNND2
1376	ANKH
1377	FBXL7
1378	FAM134B
1379	MYO10
1380	BASP1
1381	CDH6
1382	SUB1
1383	NPR3
1384	TARS
1385	BRIX1
1386	AGXT2
1387	IL7R
1388	SLC1A3
1389	LIFR
1390	OSMR
1391	C9
1392	DAB2
1393	PTGER4
1394	C7
1395	MROH2B
1396	C6
1397	PLCXD3
1398	GHR
1399	CTD-2035E11.3
1400	ANXA2R
1401	HMGCS1
1402	CCL28
1403	NNT
1404	EMB
1405	PARP8
1406	ITGA1
1407	ITGA2
1408	MOCS2
1409	FST
1410	SNX18
1411	GZMK
1412	GZMA
1413	GPX8
1414	PLPP1
1415	IL6ST
1416	ANKRD55
1417	PLK2
1418	GAPT
1419	RAB3C
1420	DEPDC1B
1421	ELOVL7
1422	NDUFAF2
1423	IPO11
1424	RGS7BP
1425	SREK1IP1
1426	ADAMTS6
1427	CENPK
1428	MAST4
1429	CD180
1430	CCNB1
1431	CENPH
1432	TAF9
1433	OCLN
1434	NAIP
1435	MCCC2
1436	MAP1B
1437	FCHO2
1438	TMEM171
1439	ENC1
1440	HEXB
1441	GCNT4
1442	HMGCR
1443	COL4A3BP
1444	F2R
1445	F2RL1
1446	CRHBP
1447	PDE8B
1448	LHFPL2
1449	DMGDH
1450	BHMT2
1451	BHMT
1452	SERINC5
1453	DHFR
1454	VCAN
1455	EDIL3
1456	CCNH
1457	MEF2C
1458	POLR3G
1459	LUCAT1
1460	NR2F1-AS1
1461	NR2F1
1462	RFESD
1463	SPATA9
1464	RHOBTB3
1465	LINC01554
1466	ELL2
1467	RP11-254I22.3
1468	ERAP2
1469	FAM174A
1470	ST8SIA4
1471	SLCO4C1
1472	PAM
1473	EFNA5
1474	MAN2A1
1475	STARD4
1476	EPB41L4A
1477	EPB41L4A-AS1
1478	SRP19
1479	DCP2
1480	CCDC112
1481	TMED7
1482	CTC-505O3.3
1483	CDO1
1484	SEMA6A
1485	LINC00992
1486	TNFAIP8
1487	LOX
1488	SNCAIP
1489	SNX2
1490	SNX24
1491	PPIC
1492	ZNF608
1493	ALDH7A1
1494	LMNB1
1495	SLC12A2
1496	ISOC1
1497	CDC42SE2
1498	CSF2
1499	P4HA2
1500	PDLIM4
1501	SLC22A4
1502	C5orf56
1503	IRF1
1504	TCF7
1505	PPP2CA
1506	CAMLG
1507	C5orf24
1508	TXNDC15
1509	PITX1
1510	H2AFY
1511	CXCL14
1512	LECT2
1513	TGFBI
1514	SPOCK1
1515	KLHL3
1516	KIF20A
1517	EGR1
1518	CTNNA1
1519	SIL1
1520	MZB1
1521	TMEM173
1522	CXXC5
1523	PURA
1524	CYSTM1
1525	PFDN1
1526	HBEGF
1527	SRA1
1528	CD14
1529	IK
1530	HARS
1531	PCDHB3
1532	PCDHB4
1533	PCDHB12
1534	TAF7
1535	PCDHGA5
1536	ARAP3
1537	PCDH12
1538	GNPDA1
1539	SPRY4
1540	DPYSL3
1541	SPINK1
1542	C5orf46
1543	SPINK5
1544	CTC-529P8.1
1545	ABLIM3
1546	AFAP1L1
1547	IL17B
1548	CARMN
1549	RP11-394O4.5
1550	CSF1R
1551	PDGFRB
1552	CD74
1553	NDST1
1554	SYNPO
1555	IRGM
1556	GPX3
1557	CCDC69
1558	SPARC
1559	MRPL22
1560	TIMD4
1561	HAVCR2
1562	ADAM19
1563	CLINT1
1564	RNF145
1565	TTC1
1566	PTTG1
1567	ATP10B
1568	CCNG1
1569	NUDCD2
1570	HMMR
1571	RARS
1572	PANK3
1573	SPDL1
1574	DOCK2
1575	LCP2
1576	GABRP
1577	NPM1
1578	STK10
1579	NEURL1B
1580	RPL26L1
1581	CREBRF
1582	STC2
1583	SFXN1
1584	HRH2
1585	THOC3
1586	NOP16
1587	CLTB
1588	MXD3
1589	LMAN2
1590	GRK6
1591	PDLIM7
1592	DOK3
1593	TMED9
1594	HNRNPAB
1595	ADAMTS2
1596	MAML1
1597	LTC4S
1598	GFPT2
1599	SCGB3A1
1600	FLT4
1601	BTNL9
1602	DUSP22
1603	IRF4
1604	FOXC1
1605	GMDS
1606	SERPINB9
1607	SERPINB6
1608	BPHL
1609	TUBB2A
1610	TUBB2B
1611	PXDC1
1612	LYRM4
1613	NRN1
1614	F13A1
1615	LY86
1616	SSR1
1617	RIOK1
1618	DSP
1619	TXNDC5
1620	EEF1E1
1621	HULC
1622	NEDD9
1623	ADTRP
1624	EDN1
1625	PHACTR1
1626	GFOD1
1627	NOL7
1628	MCUR1
1629	RNF182
1630	CD83
1631	MYLIP
1632	GMPR
1633	FAM8A1
1634	TPMT
1635	RNF144B
1636	ID4
1637	SOX4
1638	DCDC2
1639	GPLD1
1640	ALDH5A1
1641	GMNN
1642	FAM65B
1643	RP11-367G6.3
1644	LRRC16A
1645	SCGN
1646	TRIM38
1647	HIST1H1A
1648	HIST1H4B
1649	HIST1H3B
1650	HIST1H2AB
1651	HIST1H3C
1652	HIST1H1C
1653	HIST1H4C
1654	HIST1H2BC
1655	HIST1H2AC
1656	HIST1H1E
1657	RP1-34B20.21
1658	HIST1H2BF
1659	HIST1H2BG
1660	HIST1H2AE
1661	HIST1H1D
1662	HIST1H2BH
1663	HIST1H3G
1664	BTN3A2
1665	BTN1A1
1666	HIST1H2BJ
1667	HIST1H2AG
1668	HIST1H2AH
1669	HIST1H2BL
1670	HIST1H3H
1671	HIST1H2AJ
1672	HIST1H2BN
1673	HIST1H2AL
1674	HIST1H1B
1675	HIST1H3J
1676	HIST1H2AM
1677	RP1-313I6.12
1678	RP1-265C24.8
1679	ZFP57
1680	TRIM10
1681	HLA-E
1682	ABCF1
1683	MRPS18B
1684	PPP1R18
1685	NRM
1686	TUBB
1687	FLOT1
1688	IER3
1689	SFTA2
1690	DPCR1
1691	PSORS1C1
1692	TCF19
1693	HLA-B
1694	TNF
1695	LTB
1696	LST1
1697	NCR3
1698	AIF1
1699	APOM
1700	C6orf25
1701	DDAH2
1702	CLIC1
1703	LSM2
1704	HSPA1A
1705	HSPA1B
1706	NEU1
1707	SLC44A4
1708	C2
1709	CFB
1710	NELFE
1711	TNXB
1712	RNF5
1713	GPSM3
1714	NOTCH4
1715	HLA-DRA
1716	HLA-DRB5
1717	HLA-DRB1
1718	HLA-DQA1
1719	HLA-DQB1
1720	HLA-DQA2
1721	HLA-DQB2
1722	HLA-DOB
1723	TAP2
1724	PSMB8-AS1
1725	TAP1
1726	HLA-DMB
1727	HLA-DMA
1728	HLA-DOA
1729	HLA-DPA1
1730	HLA-DPB1
1731	SLC39A7
1732	HSD17B8
1733	PFDN6
1734	KIFC1
1735	BAK1
1736	HMGA1
1737	NUDT3
1738	SPDEF
1739	ANKS1A
1740	DEF6
1741	SRPK1
1742	ETV7
1743	CDKN1A
1744	CPNE5
1745	PI16
1746	MTCH1
1747	FGD2
1748	PIM1
1749	DAAM2
1750	RP11-61I13.3
1751	TSPO2
1752	TREML1
1753	TREM2
1754	TREM1
1755	MDFI
1756	PGC
1757	C6orf132
1758	MRPS10
1759	RPL7L1
1760	PTCRA
1761	CNPY3
1762	GNMT
1763	MEA1
1764	MRPL2
1765	YIPF3
1766	MRPS18A
1767	VEGFA
1768	RP1-302G2.5
1769	SLC29A1
1770	RCAN2
1771	PLA2G7
1772	ADGRF5
1773	ADGRF1
1774	TNFRSF21
1775	MUT
1776	RHAG
1777	CRISP3
1778	PKHD1
1779	IL17A
1780	MCM3
1781	TRAM2
1782	TMEM14A
1783	GSTA2
1784	GSTA1
1785	GCLC
1786	DST
1787	XXbac-BPG55C20.7
1788	OGFRL1
1789	KHDC1L
1790	RP11-505P4.7
1791	CD109
1792	FILIP1
1793	PHIP
1794	SH3BGRL2
1795	TTK
1796	FAM46A
1797	TPBG
1798	ME1
1799	PRSS35
1800	TBX18
1801	SYNCRIP
1802	AKIRIN2
1803	RNGTT
1804	UBE2J1
1805	MANEA-AS1
1806	MANEA
1807	NDUFAF4
1808	CCNC
1809	BVES
1810	PRDM1
1811	RP1-60O19.1
1812	CD24
1813	SCML4
1814	SEC63
1815	FOXO3
1816	SLC22A16
1817	AMD1
1818	GTF3C6
1819	RPF2
1820	FAM229B
1821	LAMA4
1822	MARCKS
1823	HDAC2
1824	DSE
1825	FAM26F
1826	ASF1A
1827	GJA1
1828	PKIB
1829	SMPDL3A
1830	TPD52L1
1831	HDDC2
1832	NCOA7
1833	CENPW
1834	RSPO3
1835	ECHDC1
1836	THEMIS
1837	PTPRK
1838	SAMD3
1839	EPB41L2
1840	AKAP7
1841	ARG1
1842	ENPP1
1843	CTGF
1844	STX7
1845	VNN1
1846	SGK1
1847	RP11-557H15.4
1848	ALDH8A1
1849	MYB
1850	PDE7B
1851	RP13-143G15.4
1852	MTFR2
1853	BCLAF1
1854	IL20RA
1855	RP11-356I2.4
1856	TNFAIP3
1857	PERP
1858	CITED2
1859	ADGRG6
1860	FUCA2
1861	PHACTR2
1862	LTV1
1863	STX11
1864	UTRN
1865	RAB32
1866	SASH1
1867	GINM1
1868	RP11-350J20.12
1869	PLEKHG1
1870	MTHFD1L
1871	AKAP12
1872	CCDC170
1873	SYNE1
1874	MYCT1
1875	MTRF1L
1876	OPRM1
1877	CNKSR3
1878	SYTL3
1879	EZR
1880	TAGAP
1881	SOD2
1882	WTAP
1883	ACAT2
1884	TCP1
1885	MRPL18
1886	SLC22A3
1887	LPA
1888	QKI
1889	SFT2D1
1890	MPC1
1891	RPS6KA2
1892	RNASET2
1893	CCR6
1894	MLLT4
1895	SMOC2
1896	THBS2
1897	DLL1
1898	PDCD2
1899	PDGFA
1900	C7orf50
1901	AC091729.8
1902	ELFN1-AS1
1903	FTSJ2
1904	NUDT1
1905	SNX8
1906	EIF3B
1907	CHST12
1908	LFNG
1909	TTYH3
1910	CARD11
1911	ACTB
1912	FSCN1
1913	AIMP2
1914	EIF2AK1
1915	COL28A1
1916	GLCCI1
1917	ICA1
1918	THSD7A
1919	ARL4A
1920	AGMO
1921	MEOX2
1922	BZW2
1923	TSPAN13
1924	AGR2
1925	AGR3
1926	AHR
1927	HDAC9
1928	CTA-293F17.1
1929	ITGB8
1930	CDCA7L
1931	RAPGEF5
1932	IL6
1933	GPNMB
1934	MALSU1
1935	TRA2A
1936	CYCS
1937	SNX10
1938	AC004540.4
1939	SKAP2
1940	HOXA1
1941	HOTAIRM1
1942	HOXA3
1943	HOXA-AS2
1944	HOXA4
1945	HOXA7
1946	HOXA10-AS
1947	HOXA10
1948	HIBADH
1949	CREB5
1950	CPVL
1951	CHN2
1952	AC004593.3
1953	GGCT
1954	GARS
1955	INMT
1956	AQP1
1957	KBTBD2
1958	NT5C3A
1959	BMPER
1960	ANLN
1961	AOAH
1962	SFRP4
1963	TRGC2
1964	TRGC1
1965	TRG-AS1
1966	POU6F2-AS1
1967	RALA
1968	MPLKIP
1969	PSMA2
1970	MRPL32
1971	STK17A
1972	BLVRA
1973	DBNL
1974	AEBP1
1975	POLD2
1976	NPC1L1
1977	H2AFV
1978	MYO1G
1979	SNHG15
1980	RAMP3
1981	IGFBP1
1982	IGFBP3
1983	UPP1
1984	ABCA13
1985	IKZF1
1986	DDC
1987	EGFR
1988	VOPP1
1989	GBAS
1990	CCT6A
1991	PHKG1
1992	GUSB
1993	SBDS
1994	WBSCR22
1995	ABHD11
1996	CLDN3
1997	CLDN4
1998	ELN
1999	LAT2
2000	RFC2
2001	NCF1
2002	TMEM120A
2003	HSPB1
2004	YWHAG
2005	UPK3B
2006	CCDC146
2007	FGL2
2008	GSAP
2009	PTPN12
2010	RSBN1L
2011	AC004862.6
2012	CD36
2013	HGF
2014	PCLO
2015	SEMA3A
2016	TMEM243
2017	TP53TG1
2018	ABCB1
2019	DBF4
2020	SRI
2021	STEAP4
2022	CDK14
2023	FZD1
2024	HEPACAM2
2025	TFPI2
2026	GNG11
2027	COL1A2
2028	SGCE
2029	PEG10
2030	PON1
2031	PON3
2032	PON2
2033	PDK4
2034	DYNC1I1
2035	SLC25A13
2036	SDHAF3
2037	ASNS
2038	NPTX2
2039	ARPC1A
2040	ARPC1B
2041	PDAP1
2042	CYP3A5
2043	CYP3A7-CYP3A51P
2044	CYP3A7
2045	CYP3A4
2046	AZGP1
2047	ZKSCAN1
2048	COPS6
2049	MCM7
2050	STAG3
2051	PILRA
2052	TSC22D4
2053	PCOLCE
2054	TFR2
2055	POP7
2056	EPO
2057	EPHB4
2058	TRIP6
2059	MUC3A
2060	TRIM56
2061	SERPINE1
2062	SH2B2
2063	ORAI2
2064	RASA4
2065	LRRC17
2066	PSMC2
2067	RELN
2068	KMT2E
2069	SYPL1
2070	PRKAR2B
2071	BCAP29
2072	SLC26A3
2073	NRCAM
2074	IFRD1
2075	LINC00998
2076	TFEC
2077	CAV2
2078	CAV1
2079	WNT2
2080	CFTR
2081	TSPAN12
2082	FAM3C
2083	AASS
2084	WASL
2085	C7orf77
2086	ARF5
2087	SND1
2088	IMPDH1
2089	HILPDA
2090	CALU
2091	FLNC
2092	UBE2H
2093	MEST
2094	RP11-138A9.1
2095	RP11-138A9.2
2096	MKLN1
2097	PODXL
2098	PLXNA4
2099	CHCHD3
2100	RP11-38M8.1
2101	AKR1B1
2102	AKR1B10
2103	BPGM
2104	CALD1
2105	TMEM140
2106	FAM180A
2107	PTN
2108	AKR1D1
2109	ZC3HAV1
2110	C7orf55
2111	TBXAS1
2112	MKRN1
2113	CLEC5A
2114	TRBV14
2115	TRBV20-1
2116	TRBC1
2117	TRBC2
2118	EPHB6
2119	KEL
2120	ZYX
2121	TCAF1
2122	EZH2
2123	PDIA4
2124	ZNF467
2125	GIMAP8
2126	GIMAP7
2127	GIMAP6
2128	GIMAP2
2129	GIMAP1
2130	TMEM176B
2131	TMEM176A
2132	KCNH2
2133	NOS3
2134	INSIG1
2135	DNAJB6
2136	VIPR2
2137	LINC00685
2138	CSF2RA
2139	ASMT
2140	ARSD
2141	ARSE
2142	MXRA5
2143	NLGN4X
2144	PNPLA4
2145	MID1
2146	ARHGAP6
2147	MSL3
2148	PRPS2
2149	GPM6B
2150	PIR
2151	BMX
2152	ACE2
2153	INE2
2154	AP1S2
2155	RBBP7
2156	PDHA1
2157	SMS
2158	PRDX4
2159	EIF2S3
2160	CXorf21
2161	XK
2162	CYBB
2163	SRPX
2164	RPGR
2165	OTC
2166	TSPAN7
2167	MID1IP1
2168	GPR34
2169	CXorf36
2170	RGN
2171	TIMP1
2172	CFP
2173	ZNF630-AS1
2174	SLC38A5
2175	EBP
2176	WAS
2177	GATA1
2178	PCSK1N
2179	PQBP1
2180	PIM2
2181	PRAF2
2182	PLP2
2183	SYP
2184	FOXP3
2185	PAGE1
2186	SHROOM4
2187	NUDT10
2188	MAGED1
2189	TSPYL2
2190	SMC1A
2191	WNK3
2192	MAGED2
2193	ALAS2
2194	PAGE2B
2195	MAGEH1
2196	LINC01420
2197	RP6-159A1.4
2198	VSIG4
2199	EFNB1
2200	IGBP1
2201	KIF4A
2202	IL2RG
2203	CXCR3
2204	NHSL2
2205	ERCC6L
2206	ATRX
2207	MAGT1
2208	CYSLTR1
2209	ITM2A
2210	HMGN5
2211	TSPAN6
2212	SRPX2
2213	TIMM8A
2214	BTK
2215	ARMCX6
2216	ARMCX3
2217	BEX5
2218	TMSB15A
2219	BEX1
2220	BEX4
2221	BEX2
2222	TCEAL7
2223	WBP5
2224	NGFRAP1
2225	TCEAL3
2226	PLP1
2227	SERPINA7
2228	RNF128
2229	ACSL4
2230	CHRDL1
2231	CAPN6
2232	IL13RA2
2233	PLS3
2234	UBE2A
2235	SEPT6
2236	RHOXF1-AS1
2237	MCTS1
2238	XIAP
2239	SH2D1A
2240	XPNPEP2
2241	SASH3
2242	AIFM1
2243	IGSF1
2244	MBNL3
2245	HPRT1
2246	MIR503HG
2247	MOSPD1
2248	FAM127A
2249	FHL1
2250	CD40LG
2251	LDOC1
2252	SLITRK4
2253	IDS
2254	HMGB3
2255	VMA21
2256	BGN
2257	SLC6A8
2258	IDH3G
2259	SSR4
2260	L1CAM
2261	ARHGAP4
2262	NAA10
2263	RENBP
2264	HCFC1-AS1
2265	IRAK1
2266	TKTL1
2267	FLNA
2268	ATP6AP1
2269	LAGE3
2270	G6PD
2271	DKC1
2272	MPP1
2273	F8
2274	FUNDC2
2275	VBP1
2276	CLIC2
2277	FBXO25
2278	ERICH1
2279	MYOM2
2280	ANGPT2
2281	DEFB1
2282	DEFA4
2283	DEFA3
2284	PPP1R3B
2285	MSRA
2286	SOX7
2287	BLK
2288	GATA4
2289	CTSB
2290	DLC1
2291	TUSC3
2292	MSR1
2293	MTUS1
2294	FGL1
2295	ASAH1
2296	NAT2
2297	CSGALNACT1
2298	LPL
2299	ATP6V1B2
2300	GFRA2
2301	DOK2
2302	XPO7
2303	DMTN
2304	REEP4
2305	PPP3CC
2306	SORBS3
2307	PDLIM2
2308	EGR3
2309	TNFRSF10C
2310	LOXL2
2311	SLC25A37
2312	STC1
2313	ADAM28
2314	ADAMDEC1
2315	DOCK5
2316	CDCA2
2317	BNIP3L
2318	DPYSL2
2319	EPHX2
2320	SCARA3
2321	CCDC25
2322	ESCO2
2323	PBK
2324	PNOC
2325	DUSP4
2326	RP11-489E7.4
2327	LEPROTL1
2328	MBOAT4
2329	RP11-51J9.5
2330	RBPMS
2331	TEX15
2332	NRG1
2333	ZNF703
2334	ADGRA2
2335	RAB11FIP1
2336	EIF4EBP1
2337	LSM1
2338	PLPP5
2339	WHSC1L1
2340	FGFR1
2341	TACC1
2342	IDO1
2343	C8orf4
2344	SFRP1
2345	ANK1
2346	PLAT
2347	VDAC3
2348	MCM4
2349	UBE2V2
2350	SNAI2
2351	C8orf22
2352	FAM150A
2353	MRPL15
2354	SOX17
2355	LYN
2356	CHCHD7
2357	SDR16C5
2358	CYP7A1
2359	SDCBP
2360	TOX
2361	CA8
2362	ASPH
2363	GGH
2364	TTPA
2365	MYBL1
2366	MCMDC2
2367	COPS5
2368	PREX2
2369	SULF1
2370	SLCO5A1
2371	TRAM1
2372	LACTB2
2373	MSC
2374	TMEM70
2375	LY96
2376	CRISPLD1
2377	HEY1
2378	MRPS28
2379	TPD52
2380	PAG1
2381	FABP5
2382	FABP4
2383	CA1
2384	CA3
2385	CA2
2386	WWP1
2387	CPNE3
2388	MMP16
2389	SLC26A7
2390	RUNX1T1
2391	GEM
2392	CCNE2
2393	TP53INP1
2394	LAPTM4B
2395	MATN2
2396	ERICH5
2397	OSR2
2398	KB-1615E4.2
2399	ZNF706
2400	KB-1980E6.3
2401	KLF10
2402	KB-1507C5.4
2403	BAALC
2404	CTHRC1
2405	DPYS
2406	ANGPT1
2407	RP11-1084E5.1
2408	PKHD1L1
2409	TRPS1
2410	RAD21
2411	TNFRSF11B
2412	COLEC10
2413	MAL2
2414	ENPP2
2415	COL14A1
2416	MRPL13
2417	SNTB1
2418	HAS2
2419	DERL1
2420	FAM83A-AS1
2421	ATAD2
2422	ANXA13
2423	MTSS1
2424	SQLE
2425	TRIB1
2426	LINC00861
2427	FAM84B
2428	MYC
2429	ASAP1
2430	TMEM71
2431	SLA
2432	NDRG1
2433	DENND3
2434	PTP4A3
2435	ARC
2436	PSCA
2437	LY6K
2438	LYPD2
2439	LYNX1
2440	GPIHBP1
2441	MAFA
2442	GSDMD
2443	NAPRT
2444	TSTA3
2445	PUF60
2446	PLEC
2447	GPAA1
2448	CYC1
2449	MAF1
2450	HSF1
2451	SLC52A2
2452	RECQL4
2453	CBWD1
2454	DOCK8
2455	KANK1
2456	GLIS3
2457	SLC1A1
2458	CDC37L1
2459	RCL1
2460	IL33
2461	GLDC
2462	RP11-390F4.3
2463	MPDZ
2464	NFIB
2465	PSIP1
2466	RP11-62F24.2
2467	HACD4
2468	CDKN2A
2469	CDKN2B
2470	IFT74
2471	TEK
2472	ACO1
2473	BAG1
2474	CHMP5
2475	AQP3
2476	PRSS3
2477	UBE2R2
2478	DCAF12
2479	CNTFR
2480	SIGMAR1
2481	CCL19
2482	CCL21
2483	CD72
2484	SIT1
2485	CA9
2486	TPM2
2487	HRCT1
2488	RECK
2489	GLIPR2
2490	GNE
2491	MELK
2492	PAX5
2493	EXOSC3
2494	ALDH1B1
2495	CNTNAP3
2496	RP11-4L24.3
2497	CNTNAP3B
2498	FAM27C
2499	ANKRD20A3
2500	PGM5
2501	PIP5K1B
2502	FXN
2503	TJP2
2504	TMEM2
2505	ALDH1A1
2506	ANXA1
2507	TRPM6
2508	OSTF1
2509	RFK
2510	GCNT1
2511	GNA14
2512	GNAQ
2513	CEP78
2514	PSAT1
2515	TLE4
2516	RASEF
2517	UBQLN1
2518	NTRK2
2519	GOLM1
2520	ISCA1
2521	GAS1
2522	DAPK1
2523	CTSL
2524	NXNL2
2525	CKS2
2526	SYK
2527	CENPP
2528	OGN
2529	OMD
2530	ASPN
2531	SUSD3
2532	NINJ1
2533	WNK2
2534	C9orf3
2535	LINC00092
2536	ZNF367
2537	TMOD1
2538	HEMGN
2539	ANP32B
2540	NANS
2541	TRIM14
2542	GALNT12
2543	NR4A3
2544	ERP44
2545	SMC2
2546	SLC44A1
2547	ZNF462
2548	KLF4
2549	CTNNAL1
2550	TMEM245
2551	EPB41L4B
2552	PTGR1
2553	DNAJC25
2554	UGCG
2555	HSDL2
2556	ZNF883
2557	SLC31A2
2558	SLC31A1
2559	CDC26
2560	RNF183
2561	HDHD3
2562	ALAD
2563	POLE3
2564	RGS3
2565	AMBP
2566	KIF12
2567	ORM1
2568	ORM2
2569	AKNA
2570	TNC
2571	PAPPA
2572	TLR4
2573	PSMD5-AS1
2574	PHF19
2575	RAB14
2576	GSN
2577	NDUFA8
2578	LHX6
2579	RBM18
2580	PTGS1
2581	LHX2
2582	RABEPK
2583	HSPA5
2584	STXBP1
2585	SH2D3C
2586	ENG
2587	AK1
2588	ST6GALNAC4
2589	DPM2
2590	SLC25A25
2591	LCN2
2592	SWI5
2593	COQ4
2594	URM1
2595	CERCAM
2596	SPTAN1
2597	ZDHHC12
2598	RP11-545E17.3
2599	LRRC8A
2600	LINC01503
2601	NTMT1
2602	C9orf78
2603	ASS1
2604	AIF1L
2605	NUP214
2606	TTF1
2607	GFI1B
2608	GBGT1
2609	ADAMTS13
2610	SLC2A6
2611	ADAMTSL2
2612	DBH
2613	DBH-AS1
2614	SARDH
2615	COL5A1
2616	FCN2
2617	FCN1
2618	OLFM1
2619	UBAC1
2620	NOTCH1
2621	RP11-251M1.1
2622	EGFL7
2623	FAM69B
2624	SNHG7
2625	LCN6
2626	LCN15
2627	FBXW5
2628	C8G
2629	PTGDS
2630	C9orf142
2631	CLIC3
2632	FUT7
2633	NPDC1
2634	SAPCD2
2635	TUBB4B
2636	EXD3
2637	PSMD13
2638	IFITM1
2639	CDHR5
2640	CEND1
2641	PNPLA2
2642	CRACR2B
2643	CD151
2644	TSPAN4
2645	CHID1
2646	AP2A2
2647	MUC6
2648	MUC5B
2649	TOLLIP
2650	DUSP8
2651	FAM99A
2652	IFITM10
2653	SYT8
2654	LSP1
2655	IGF2
2656	KCNQ1OT1
2657	CDKN1C
2658	SLC22A18
2659	PHLDA2
2660	NAP1L4
2661	RRM1
2662	HBB
2663	HBD
2664	HBG2
2665	HBE1
2666	TRIM22
2667	PRKCDBP
2668	HPX
2669	ILK
2670	DCHS1
2671	MRPL17
2672	OLFML1
2673	RIC3
2674	WEE1
2675	SWAP70
2676	ADM
2677	RNF141
2678	LYVE1
2679	DKK3
2680	SOX6
2681	PIK3C2A
2682	USH1C
2683	SAA4
2684	SAA2-SAA4
2685	SAA2
2686	SAA1
2687	E2F8
2688	HTATIP2
2689	SVIP
2690	FIBIN
2691	BBOX1
2692	CCDC34
2693	LGR4
2694	MPPED2
2695	RCN1
2696	WT1
2697	PRRG4
2698	CD59
2699	LMO2
2700	ELF5
2701	EHF
2702	CD44
2703	FJX1
2704	LDLRAD3
2705	C11orf96
2706	CD82
2707	TSPAN18
2708	TP53I11
2709	SYT13
2710	CHST1
2711	DKFZp779M0652
2712	SLC35C1
2713	CREB3L1
2714	MDK
2715	PACSIN3
2716	DDB2
2717	ACP2
2718	NR1H3
2719	SPI1
2720	APLNR
2721	SSRP1
2722	SLC43A3
2723	SLC43A1
2724	UBE2L6
2725	SERPING1
2726	YPEL4
2727	TMX2
2728	CTNND1
2729	LPXN
2730	GLYAT
2731	FAM111B
2732	FAM111A
2733	MPEG1
2734	MRPL16
2735	TCN1
2736	MS4A3
2737	MS4A2
2738	MS4A6A
2739	MS4A4A
2740	MS4A7
2741	MS4A1
2742	MS4A8
2743	TMEM109
2744	CD6
2745	CD5
2746	DDB1
2747	TKFC
2748	SYT7
2749	MYRF
2750	FEN1
2751	FADS2
2752	FADS1
2753	BEST1
2754	FTH1
2755	INCENP
2756	SCGB2A1
2757	ASRGL1
2758	ROM1
2759	GANAB
2760	METTL12
2761	UQCC3
2762	POLR2G
2763	TMEM179B
2764	RP11-727F15.9
2765	WDR74
2766	SLC3A2
2767	HRASLS2
2768	PLA2G16
2769	RTN3
2770	STIP1
2771	FERMT3
2772	RP11-783K16.14
2773	DNAJC4
2774	VEGFB
2775	PPP1R14B
2776	RASGRP2
2777	ARL2
2778	SAC3D1
2779	CDCA5
2780	TM7SF2
2781	SYVN1
2782	CDC42EP2
2783	CMB9-22P13.1
2784	SSSCA1
2785	FAM89B
2786	EHBP1L1
2787	OVOL1
2788	EFEMP2
2789	CTSW
2790	FIBP
2791	CCDC85B
2792	CST6
2793	BRMS1
2794	MRPL11
2795	DPP3
2796	CTSF
2797	PC
2798	RHOD
2799	ADRBK1
2800	RAD9A
2801	TBC1D10C
2802	CARNS1
2803	RPS6KB2
2804	CORO1B
2805	AIP
2806	GSTP1
2807	NUDT8
2808	ACY3
2809	RP11-119D9.1
2810	UNC93B1
2811	TCIRG1
2812	C11orf24
2813	CPT1A
2814	MRPL21
2815	MYEOV
2816	AP000439.1
2817	CCND1
2818	FGF19
2819	ANO1
2820	CTTN
2821	DHCR7
2822	KRTAP5-7
2823	FOLR3
2824	FOLR1
2825	FOLR2
2826	PDE2A
2827	MRPL48
2828	UCP2
2829	P4HA3
2830	PGM2L1
2831	KCNE3
2832	CHRDL2
2833	SPCS2
2834	ARRB1
2835	SERPINH1
2836	DGAT2
2837	LRRC32
2838	CLNS1A
2839	AQP11
2840	RSF1
2841	AAMDC
2842	THRSP
2843	ALG8
2844	RP11-452H21.4
2845	PRCP
2846	RAB30
2847	TMEM126A
2848	PICALM
2849	C11orf73
2850	CCDC81
2851	PRSS23
2852	FZD4
2853	CTSC
2854	NAALAD2
2855	CHORDC1
2856	FAT3
2857	SMCO4
2858	TAF1D
2859	ENDOD1
2860	SESN3
2861	CEP57
2862	BIRC3
2863	MMP7
2864	MMP1
2865	CASP5
2866	CASP1
2867	CARD16
2868	GUCY1A2
2869	SLC35F2
2870	ACAT1
2871	ATM
2872	C11orf53
2873	COLCA1
2874	POU2AF1
2875	LAYN
2876	CRYAB
2877	HSPB2
2878	DIXDC1
2879	IL18
2880	BCO2
2881	PTS
2882	NCAM1
2883	NNMT
2884	REXO2
2885	CADM1
2886	APOA5
2887	APOA4
2888	APOC3
2889	APOA1
2890	PAFAH1B2
2891	TAGLN
2892	PCSK7
2893	FXYD2
2894	FXYD6
2895	IL10RA
2896	SCN4B
2897	JAML
2898	MPZL2
2899	CD3E
2900	CD3D
2901	CD3G
2902	KMT2A
2903	TTC36
2904	CXCR5
2905	TRAPPC4
2906	SLC37A4
2907	HYOU1
2908	HMBS
2909	H2AFX
2910	PDZD3
2911	MCAM
2912	THY1
2913	OAF
2914	ARHGEF12
2915	TBCEL
2916	SC5D
2917	SORL1
2918	CRTAM
2919	HSPA8
2920	CLMP
2921	SCN3B
2922	NRGN
2923	VSIG2
2924	ESAM
2925	ROBO4
2926	FEZ1
2927	CHEK1
2928	SRPRA
2929	DCPS
2930	ST3GAL4
2931	RP11-115C10.1
2932	ETS1
2933	FLI1
2934	SENCR
2935	TMEM45B
2936	ST14
2937	THYN1
2938	IDI2-AS1
2939	IDI1
2940	PFKP
2941	LINC00704
2942	AKR1C2
2943	AKR1C1
2944	AKR1C4
2945	NET1
2946	RBM17
2947	PFKFB3
2948	RP11-554I8.2
2949	ITIH2
2950	GATA3
2951	ECHDC3
2952	NUDT5
2953	CDC123
2954	CCDC3
2955	OPTN
2956	MCM10
2957	PHYH
2958	FRMD4A
2959	NMT2
2960	FAM171A1
2961	VIM
2962	ST8SIA6
2963	TMEM236
2964	MRC1
2965	NSUN6
2966	PLXDC2
2967	DNAJC1
2968	COMMD3
2969	OTUD1
2970	APBB1IP
2971	YME1L1
2972	BAMBI
2973	KIAA1462
2974	MAP3K8
2975	ZEB1
2976	KIF5B
2977	NRP1
2978	CREM
2979	CCNY
2980	CXCL12
2981	RASSF4
2982	C10orf10
2983	ZNF22
2984	ALOX5
2985	MARCH8
2986	SYT15
2987	ANXA8
2988	CH17-360D5.2
2989	C10orf128
2990	A1CF
2991	DKK1
2992	ZWINT
2993	BICC1
2994	SLC16A9
2995	ANK3
2996	CDK1
2997	TMEM26
2998	C10orf107
2999	ARID5B
3000	RTKN2
3001	EGR2
3002	JMJD1C
3003	REEP3
3004	DNAJC12
3005	PBLD
3006	HNRNPH3
3007	CCAR1
3008	HKDC1
3009	HK1
3010	PPA1
3011	PRF1
3012	CDH23
3013	C10orf54
3014	SPOCK2
3015	DDIT4
3016	OIT3
3017	PLA2G12B
3018	P4HA1
3019	DNAJC9
3020	CHCHD1
3021	VCL
3022	ADK
3023	COMTD1
3024	ZNF503
3025	RP11-399K21.14
3026	KCNMA1
3027	PPIF
3028	ZCCHC24
3029	PLAC9
3030	ANXA11
3031	MAT1A
3032	DYDC2
3033	TSPAN14
3034	MMRN2
3035	SNCG
3036	ADIRF
3037	GLUD1
3038	FAM35A
3039	MINPP1
3040	PAPSS2
3041	PTEN
3042	ACTA2
3043	CH25H
3044	LIPA
3045	IFIT2
3046	IFIT3
3047	IFIT1B
3048	PANK1
3049	KIF20B
3050	PCGF5
3051	PPP1R3C
3052	CPEB3
3053	KIF11
3054	HHEX
3055	EXOC6
3056	CYP26A1
3057	MYOF
3058	CEP55
3059	RBP4
3060	RP11-76P2.4
3061	HELLS
3062	CYP2C18
3063	CYP2C19
3064	CYP2C9
3065	CYP2C8
3066	PDLIM1
3067	TCTN3
3068	ENTPD1
3069	BLNK
3070	PIK3AP1
3071	PGAM1
3072	AVPI1
3073	SFRP5
3074	CRTAC1
3075	CNNM1
3076	GOT1
3077	NKX2-3
3078	BLOC1S2
3079	PKD2L1
3080	SCD
3081	MRPL43
3082	NPM3
3083	NOLC1
3084	CUEDC2
3085	ARL3
3086	BORCS7
3087	CALHM2
3088	SH3PXD2A
3089	ITPRIP
3090	CFAP58
3091	ADD3
3092	MXI1
3093	DUSP5
3094	SMC3
3095	RBM20
3096	PDCD4
3097	ADRA2A
3098	GPAM
3099	ACSL5
3100	TCF7L2
3101	HABP2
3102	ABLIM1
3103	ATRNL1
3104	SHTN1
3105	RP11-501J20.5
3106	FAM204A
3107	RGS10
3108	BAG3
3109	FGFR2
3110	HTRA1
3111	BUB3
3112	CPXM2
3113	OAT
3114	CTBP2
3115	UROS
3116	PTPRE
3117	MKI67
3118	GLRX3
3119	VENTX
3120	ZNF511
3121	PRAP1
3122	CYP2E1
3123	RP11-598F7.3
3124	WNK1
3125	ADIPOR2
3126	CACNA2D4
3127	FKBP4
3128	FOXM1
3129	TEAD4
3130	CCND2
3131	FGF23
3132	RAD51AP1
3133	NDUFA9
3134	NTF3
3135	VWF
3136	CD9
3137	SCNN1A
3138	CD27
3139	TAPBPL
3140	NCAPD2
3141	GAPDH
3142	ACRBP
3143	LAG3
3144	CD4
3145	GNB3
3146	CDCA3
3147	ATN1
3148	PTPN6
3149	U47924.27
3150	C1RL
3151	RBP5
3152	CD163
3153	SLC2A3
3154	C3AR1
3155	CLEC4A
3156	CLEC4E
3157	MFAP5
3158	RP11-20D14.6
3159	M6PR
3160	KLRG1
3161	A2M
3162	PZP
3163	KLRB1
3164	CLEC2D
3165	CLECL1
3166	CD69
3167	KLRF1
3168	CLEC2B
3169	CLEC12A
3170	CLEC1B
3171	CLEC9A
3172	CLEC7A
3173	OLR1
3174	GABARAPL1
3175	KLRD1
3176	KLRC2
3177	KLRC1
3178	EIF2S3L
3179	RP11-291B21.2
3180	MAGOHB
3181	YBX3
3182	LOH12CR2
3183	CREBL2
3184	APOLD1
3185	GPRC5A
3186	GPRC5D
3187	GSG1
3188	EMP1
3189	PLBD1
3190	GUCY2C
3191	ART4
3192	MGP
3193	STRAP
3194	MGST1
3195	SLCO1B3
3196	SLCO1B1
3197	SLCO1A2
3198	GYS2
3199	LDHB
3200	ABCC9
3201	BCAT1
3202	C12orf77
3203	LRMP
3204	LYRM5
3205	KRAS
3206	BHLHE41
3207	SSPN
3208	ITPR2
3209	FGFR1OP2
3210	PPFIBP1
3211	PTHLH
3212	ERGIC2
3213	TMTC1
3214	OVOS2
3215	RP11-467L13.7
3216	SYT10
3217	YAF2
3218	PPHLN1
3219	PRICKLE1
3220	ANO6
3221	SLC38A1
3222	SLC38A4
3223	AMIGO2
3224	RAPGEF3
3225	HDAC7
3226	TMEM106C
3227	FKBP11
3228	TUBA1B
3229	TUBA1A
3230	TUBA1C
3231	TROAP
3232	SPATS2
3233	RACGAP1
3234	GPD1
3235	LIMA1
3236	LARP4
3237	LETMD1
3238	SMAGP
3239	BIN2
3240	ACVRL1
3241	GRASP
3242	NR4A1
3243	KRT7
3244	KRT1
3245	KRT8
3246	KRT18
3247	TNS2
3248	IGFBP6
3249	ITGB7
3250	C12orf10
3251	CBX5
3252	NFE2
3253	COPZ1
3254	ZNF385A
3255	ITGA5
3256	GTSF1
3257	NCKAP1L
3258	METTL7B
3259	ORMDL2
3260	MMP19
3261	ERBB3
3262	PA2G4
3263	RP11-603J24.5
3264	SLC39A5
3265	APOF
3266	SPRYD4
3267	GLS2
3268	RBMS2
3269	PRIM1
3270	RDH16
3271	GPR182
3272	NDUFA4L2
3273	ARHGAP9
3274	MARS
3275	DDIT3
3276	DCTN2
3277	ARHGEF25
3278	SLC26A10
3279	B4GALNT1
3280	CDK4
3281	TSFM
3282	CTDSP2
3283	RP11-620J15.3
3284	AVPR1A
3285	SRGAP1
3286	RP11-114F3.4
3287	GNS
3288	MSRB3
3289	IRAK3
3290	GRIP1
3291	IFNG
3292	IL26
3293	RP11-81H14.2
3294	RAP1B
3295	CPM
3296	LYZ
3297	RP11-1143G9.4
3298	YEATS4
3299	CCT2
3300	RP11-588G21.2
3301	KCNMB4
3302	PTPRB
3303	PTPRR
3304	TSPAN8
3305	TBC1D15
3306	GLIPR1
3307	PHLDA1
3308	CSRP2
3309	E2F7
3310	ACSS3
3311	RASSF9
3312	NTS
3313	ATP2B1
3314	LINC00936
3315	LUM
3316	DCN
3317	RP11-796E2.4
3318	RP11-693J15.5
3319	NUDT4
3320	UBE2N
3321	MRPL42
3322	SOCS2
3323	NTN4
3324	AMDHD1
3325	HAL
3326	LTA4H
3327	ELK3
3328	TMPO
3329	IKBIP
3330	SLC17A8
3331	NR1H4
3332	ARL1
3333	SPIC
3334	DRAM1
3335	NUP37
3336	PARPBP
3337	PAH
3338	ASCL1
3339	STAB2
3340	HSP90B1
3341	TDG
3342	NFYB
3343	TXNRD1
3344	C12orf45
3345	KIAA1033
3346	C12orf75
3347	NUAK1
3348	CKAP4
3349	TMEM263
3350	PWP1
3351	CMKLR1
3352	SELPLG
3353	ATP2A2
3354	PPP1CC
3355	MYL2
3356	SH2B3
3357	PTPN11
3358	OAS1
3359	SDS
3360	SDSL
3361	TESC
3362	NOS1
3363	PEBP1
3364	SUDS3
3365	HSPB8
3366	TMEM233
3367	PXN
3368	TRIAP1
3369	SRSF9
3370	RNF10
3371	POP5
3372	OASL
3373	ANAPC5
3374	RHOF
3375	PSMD9
3376	HCAR3
3377	ABCB9
3378	KMT5A
3379	RILPL2
3380	SCARB1
3381	BRI3BP
3382	RAN
3383	NOC4L
3384	LRCOL1
3385	ZNF605
3386	SKA3
3387	SHISA2
3388	GTF3A
3389	FLT1
3390	HMGB1
3391	ALOX5AP
3392	MEDAG
3393	TEX26
3394	HSPH1
3395	FRY
3396	RFC3
3397	SPG20
3398	SMAD9
3399	ALG5
3400	EXOSC8
3401	POSTN
3402	LHFP
3403	FOXO1
3404	MRPS31
3405	ELF1
3406	RGCC
3407	TNFSF11
3408	TSC22D1
3409	CPB2
3410	RB1
3411	LPAR6
3412	EBPL
3413	DLEU7
3414	RNASEH2B
3415	INTS6
3416	WDFY2
3417	CKAP2
3418	HNRNPA1L2
3419	SUGT1
3420	PCDH17
3421	DIAPH3
3422	DACH1
3423	MZT1
3424	BORA
3425	KLF5
3426	UCHL3
3427	KCTD12
3428	MYCBP2
3429	EDNRB
3430	SLITRK6
3431	GPC6
3432	CLDN10
3433	FARP1
3434	STK24
3435	DOCK9
3436	GPR183
3437	CLYBL
3438	ITGBL1
3439	TEX30
3440	EFNB2
3441	FAM155A
3442	TNFSF13B
3443	IRS2
3444	COL4A1
3445	COL4A2
3446	RAB20
3447	F7
3448	F10
3449	PROZ
3450	TFDP1
3451	TMEM255B
3452	GAS6
3453	UPF3A
3454	RPPH1
3455	APEX1
3456	PNP
3457	RNASE4
3458	ANG
3459	RNASE6
3460	RNASE1
3461	RNASE2
3462	ARHGEF40
3463	TRAV8-5
3464	TRDC
3465	TRAC
3466	SLC7A7
3467	LRP10
3468	RP11-298I3.1
3469	SLC7A8
3470	PABPN1
3471	SLC22A17
3472	CMTM5
3473	DHRS2
3474	DHRS4-AS1
3475	DHRS4
3476	DCAF11
3477	FITM1
3478	PSME2
3479	REC8
3480	DHRS1
3481	ADCY4
3482	NFATC4
3483	CTSG
3484	GZMH
3485	GZMB
3486	STXBP6
3487	NOVA1
3488	RP11-596D21.1
3489	NPAS3
3490	SPTSSA
3491	EAPP
3492	SNX6
3493	CFL2
3494	BAZ1A
3495	SRP54
3496	PPP2R3C
3497	NFKBIA
3498	SLC25A21
3499	SSTR1
3500	CLEC14A
3501	SEC23A
3502	PNN
3503	RP11-407N17.5
3504	FKBP3
3505	MIS18BP1
3506	RP11-816J8.1
3507	LRR1
3508	RP11-649E7.5
3509	KLHDC2
3510	RP11-596C23.2
3511	SAV1
3512	GNG2
3513	PTGDR
3514	PTGER2
3515	PSMC6
3516	GNPNAT1
3517	FERMT2
3518	RP11-547D23.1
3519	BMP4
3520	CDKN3
3521	GCH1
3522	LGALS3
3523	DLGAP5
3524	PELI2
3525	DAAM1
3526	PRKCH
3527	HIF1A
3528	RHOJ
3529	SYNE2
3530	MTHFD1
3531	HSPA2
3532	SPTB
3533	GPX2
3534	MAX
3535	FUT8
3536	EIF2S1
3537	VTI1B
3538	RDH12
3539	ACTN1
3540	SLC10A1
3541	SMOC1
3542	RP6-91H8.3
3543	ENTPD5
3544	NPC2
3545	LTBP2
3546	PGF
3547	FOS
3548	JDP2
3549	BATF
3550	C14orf1
3551	TGFB3
3552	VASH1
3553	GSTZ1
3554	AHSA1
3555	SPTLC2
3556	NRXN3
3557	CEP128
3558	SEL1L
3559	FLRT2
3560	GALC
3561	GPR65
3562	TC2N
3563	FBLN5
3564	RIN3
3565	LGMN
3566	PRIMA1
3567	ASB2
3568	IFI27L1
3569	IFI27
3570	IFI27L2
3571	SERPINA6
3572	SERPINA1
3573	SERPINA11
3574	SERPINA4
3575	SERPINA5
3576	DICER1
3577	CLMN
3578	RP11-1070N10.3
3579	GLRX5
3580	TCL1A
3581	RP11-164H13.1
3582	RP11-404P21.3
3583	VRK1
3584	BCL11B
3585	EML1
3586	DEGS2
3587	SLC25A29
3588	WARS
3589	MEG3
3590	AMN
3591	TNFAIP2
3592	MARK3
3593	CKB
3594	ZFYVE21
3595	ASPG
3596	C14orf180
3597	CRIP2
3598	CRIP1
3599	AL928654.7
3600	TMEM121
3601	IGHA2
3602	IGHG4
3603	IGHG2
3604	IGHGP
3605	AL928768.3
3606	IGHA1
3607	IGHG1
3608	IGHG3
3609	IGHD
3610	IGHM
3611	KIAA0125
3612	IGHV6-1
3613	IGHV1-2
3614	IGHV2-5
3615	IGHV3-7
3616	CH17-224D4.1
3617	IGHV3-11
3618	IGHV3-13
3619	IGHV3-15
3620	IGHV1-18
3621	IGHV3-20
3622	IGHV3-23
3623	IGHV1-24
3624	IGHV3-30
3625	IGHV4-31
3626	IGHV3-33
3627	IGHV4-34
3628	IGHV4-39
3629	IGHV3-43
3630	IGHV1-46
3631	IGHV3-48
3632	IGHV3-49
3633	IGHV5-51
3634	IGHV3-53
3635	IGHV4-59
3636	IGHV4-61
3637	IGHV3-66
3638	CH17-212P11.4
3639	IGHV1-69-2
3640	IGHV3-72
3641	IGHV3-73
3642	IGHV3-74
3643	CYFIP1
3644	NDN
3645	SNRPN
3646	PWAR6
3647	GABRB3
3648	HERC2
3649	APBA2
3650	TJP1
3651	ARHGAP11B
3652	RP11-16E12.2
3653	KLF13
3654	ARHGAP11A
3655	EMC7
3656	EMC4
3657	LPCAT4
3658	MEIS2
3659	SPRED1
3660	RASGRP1
3661	RP11-275I4.2
3662	THBS1
3663	BUB1B
3664	PHGR1
3665	KNSTRN
3666	IVD
3667	CASC5
3668	RAD51
3669	GCHFR
3670	RP11-532F12.5
3671	SPINT1
3672	RP11-540O11.1
3673	DLL4
3674	CHAC1
3675	OIP5
3676	NUSAP1
3677	ITPKA
3678	EHD4
3679	ZNF106
3680	SNAP23
3681	EPB42
3682	CCNDBP1
3683	CKMT1A
3684	WDR76
3685	DUOX2
3686	DUOXA2
3687	C15orf48
3688	SQRDL
3689	DUT
3690	FBN1
3691	EID1
3692	COPS2
3693	SLC27A2
3694	GABPB1
3695	GABPB1-AS1
3696	SPPL2A
3697	TNFAIP8L3
3698	GLDN
3699	DMXL2
3700	TMOD3
3701	ARPP19
3702	ONECUT1
3703	UNC13C
3704	RAB27A
3705	CCPG1
3706	LINC00926
3707	CGNL1
3708	LIPC
3709	FAM63B
3710	CCNB2
3711	GTF2A2
3712	BNIP2
3713	FOXB1
3714	ANXA2
3715	RORA
3716	C2CD4B
3717	TPM1
3718	APH1B
3719	SNX22
3720	PPIB
3721	KIAA0101
3722	OAZ2
3723	PIF1
3724	PLEKHO2
3725	ANKDD1A
3726	SPG21
3727	SLC51B
3728	PDCD7
3729	CLPX
3730	CILP
3731	HACD3
3732	SMAD6
3733	RP11-798K3.2
3734	PIAS1
3735	ITGA11
3736	KIF23
3737	UACA
3738	THSD4
3739	MYO9A
3740	PKM
3741	LOXL1
3742	ISLR
3743	CTD-3154N5.2
3744	CYP1A1
3745	CYP1A2
3746	CSK
3747	COMMD4
3748	RCN2
3749	PSTPIP1
3750	TSPAN3
3751	TBC1D2B
3752	IDH3A
3753	DNAJA4
3754	PSMA4
3755	TMED3
3756	BCL2A1
3757	ARNT2
3758	MESDC2
3759	MESDC1
3760	IL16
3761	STARD5
3762	HOMER2
3763	RP11-382A20.3
3764	NTRK3
3765	MRPL46
3766	MRPS11
3767	ISG20
3768	FANCI
3769	PLIN1
3770	IDH2
3771	FURIN
3772	RCCD1
3773	PRC1
3774	MCTP2
3775	LINC01197
3776	LINC00924
3777	NR2F2-AS1
3778	NR2F2
3779	IGF1R
3780	SYNM
3781	MEF2A
3782	ALDH1A3
3783	LRRK1
3784	CHSY1
3785	VIMP
3786	SNRPA1
3787	POLR3K
3788	SNRNP25
3789	MPG
3790	HBZ
3791	HBM
3792	HBA2
3793	HBA1
3794	HBQ1
3795	MRPL28
3796	NME4
3797	DECR2
3798	C16orf13
3799	MSLN
3800	FAM173A
3801	TPSB2
3802	TPSAB1
3803	LA16c-358B7.4
3804	TMEM204
3805	NME3
3806	NUBP2
3807	IGFALS
3808	RPS2
3809	NPW
3810	SLC9A3R2
3811	SNHG19
3812	PGP
3813	RNPS1
3814	CCNF
3815	C16orf59
3816	ZG16B
3817	PRSS22
3818	PKMYT1
3819	PAQR4
3820	TNFRSF12A
3821	HCFC1R1
3822	CCDC64B
3823	IL32
3824	TRAP1
3825	NMRAL1
3826	HMOX2
3827	SMIM22
3828	RP11-77H9.6
3829	ATF7IP2
3830	EMP2
3831	DEXI
3832	SOCS1
3833	RP11-485G7.5
3834	TXNDC11
3835	GSPT1
3836	TNFRSF17
3837	PLA2G10
3838	PDXDC1
3839	NTAN1
3840	C16orf45
3841	MYH11
3842	ABCC6
3843	ARL6IP1
3844	TMC5
3845	C16orf62
3846	GPRC5B
3847	GP2
3848	ACSM3
3849	CRYM
3850	METTL9
3851	IGSF6
3852	OTOA
3853	SDR42E2
3854	HS3ST2
3855	SCNN1B
3856	NDUFAB1
3857	PLK1
3858	ERN2
3859	PRKCB
3860	RBBP6
3861	NSMCE1
3862	IL4R
3863	NUPR1
3864	SULT1A2
3865	CD19
3866	LAT
3867	SPN
3868	QPRT
3869	C16orf54
3870	ZG16
3871	SEZ6L2
3872	ASPHD1
3873	ALDOA
3874	YPEL3
3875	MAPK3
3876	CORO1A
3877	SEPT1
3878	DCTPP1
3879	ITGAL
3880	PYCARD
3881	ITGAM
3882	ITGAX
3883	COX6A2
3884	TGFB1I1
3885	AHSP
3886	RP11-19N8.4
3887	SHCBP1
3888	VPS35
3889	ORC6
3890	MYLK3
3891	GPT2
3892	BRD7
3893	TOX3
3894	RP11-297L17.2
3895	RP11-295M3.4
3896	CHD9
3897	CRNDE
3898	MMP2
3899	RP11-212I21.2
3900	LPCAT2
3901	CES1
3902	AMFR
3903	NUDT21
3904	MT3
3905	MT1E
3906	MT1M
3907	MT1A
3908	MT1B
3909	MT1F
3910	MT1G
3911	MT1H
3912	MT1X
3913	HERPUD1
3914	CETP
3915	CPNE2
3916	PLLP
3917	CX3CL1
3918	ADGRG1
3919	ADGRG3
3920	NDRG4
3921	GOT2
3922	CDH11
3923	CDH5
3924	BEAN1
3925	RP11-403P17.6
3926	CMTM3
3927	DYNC1LI2
3928	CBFB
3929	TRADD
3930	EXOC3L1
3931	E2F4
3932	TPPP3
3933	HSD11B2
3934	ATP6V0D1
3935	FAM65A
3936	NUTF2
3937	PSMB10
3938	LCAT
3939	DPEP3
3940	DPEP2
3941	NFATC3
3942	CDH1
3943	SNTB2
3944	NQO1
3945	NOB1
3946	IL34
3947	CHST4
3948	DHODH
3949	HP
3950	HPR
3951	GLG1
3952	LDHD
3953	BCAR1
3954	KARS
3955	SYCE1L
3956	NUDT7
3957	RP11-679B19.1
3958	MAF
3959	CMC2
3960	CENPN
3961	GCSH
3962	PLCG2
3963	HSD17B2
3964	CDH13
3965	OSGIN1
3966	DNAAF1
3967	WFDC1
3968	COTL1
3969	CRISPLD2
3970	FAM92B
3971	GINS2
3972	C16orf74
3973	IRF8
3974	FOXF1
3975	FOXC2
3976	RP11-278A23.4
3977	SLC7A5
3978	LA16c-444G7.2
3979	IL17C
3980	CYBA
3981	MVD
3982	SNAI3
3983	PIEZO1
3984	CDT1
3985	ANKRD11
3986	DPEP1
3987	DBNDD1
3988	DOC2B
3989	FAM101B
3990	CRK
3991	MYO1C
3992	SLC43A2
3993	SCARF1
3994	SERPINF1
3995	HIC1
3996	CLUH
3997	RP11-235E17.2
3998	TAX1BP3
3999	P2RX5
4000	ITGAE
4001	ATP2A3
4002	CYB5D2
4003	UBE2G1
4004	ALOX15
4005	ARRB2
4006	CXCL16
4007	TM4SF5
4008	VMO1
4009	GLTPD2
4010	PSMB6
4011	SLC25A11
4012	RNF167
4013	ENO3
4014	KIF1C
4015	SCIMP
4016	CTC-524C5.2
4017	C1QBP
4018	DERL2
4019	NLRP1
4020	AIPL1
4021	FAM64A
4022	PITPNM3
4023	SLC13A5
4024	BCL6B
4025	CLEC10A
4026	ASGR2
4027	ASGR1
4028	GABARAP
4029	CTDNEP1
4030	CLDN7
4031	ACAP1
4032	TNFSF12
4033	CD68
4034	SHBG
4035	SAT2
4036	ATP1B2
4037	KDM6B
4038	TMEM88
4039	CNTROB
4040	ALOX15B
4041	TMEM107
4042	AURKB
4043	ARHGEF15
4044	RNF222
4045	MYH10
4046	TMEM220
4047	PMP22
4048	TRPV2
4049	LRRC75A
4050	CCDC144A
4051	TNFRSF13B
4052	AC104024.1
4053	COPS3
4054	RASD1
4055	SREBF1
4056	B9D1
4057	MFAP4
4058	SLC47A1
4059	ALDH3A2
4060	ALDH3A1
4061	MAP2K3
4062	KCNJ12
4063	WSB1
4064	LGALS9
4065	TMEM97
4066	TNFAIP1
4067	POLDIP2
4068	VTN
4069	SLC13A2
4070	ALDOC
4071	SPAG5
4072	RAB34
4073	RP11-20B24.2
4074	DHRS13
4075	PIPOX
4076	CPD
4077	ATAD5
4078	ADAP2
4079	RNF135
4080	OMG
4081	EVI2B
4082	EVI2A
4083	COPRS
4084	ZNF207
4085	PSMD11
4086	TMEM98
4087	CCL2
4088	CCL8
4089	SLFN5
4090	SLFN14
4091	AP2B1
4092	MMP28
4093	CCL5
4094	CCL14
4095	CCL23
4096	CCL18
4097	AC069363.1
4098	CCL3
4099	CCL4
4100	CCL3L3
4101	CCL4L2
4102	HNF1B
4103	ARHGAP23
4104	PCGF2
4105	PSMB3
4106	PPP1R1B
4107	PNMT
4108	IKZF3
4109	ORMDL3
4110	PSMD3
4111	CDC6
4112	TOP2A
4113	TNS4
4114	KRT222
4115	TMEM99
4116	KRT23
4117	KRT19
4118	HAP1
4119	FKBP10
4120	ACLY
4121	DNAJC7
4122	PTRF
4123	PSMC3IP
4124	TUBG1
4125	TUBG2
4126	CCR10
4127	RAMP2
4128	AOC3
4129	PTGES3L
4130	IFI35
4131	VAT1
4132	ARL4D
4133	DUSP3
4134	SLC4A1
4135	RUNDC3A-AS1
4136	SLC25A39
4137	GRN
4138	ITGA2B
4139	KIF18B
4140	C1QL1
4141	FMNL1
4142	RP11-63A1.1
4143	MYL4
4144	ITGB3
4145	MRPL10
4146	SP6
4147	PRR15L
4148	CDK5RAP3
4149	NFE2L1
4150	SKAP1
4151	HOXB2
4152	HOXB6
4153	CALCOCO2
4154	SNF8
4155	ABI3
4156	SLC35B1
4157	COL1A1
4158	LRRC59
4159	ABCC3
4160	NME1
4161	NME2
4162	HLF
4163	MMD
4164	PCTP
4165	SCPEP1
4166	MRPS23
4167	SRSF1
4168	DYNLL2
4169	RP5-1171I10.5
4170	SEPT4
4171	RAD51C
4172	SKA2
4173	PRR11
4174	CA4
4175	MRC2
4176	TANC2
4177	ACE
4178	DCAF7
4179	TACO1
4180	MAP3K3
4181	LIMD2
4182	CCDC47
4183	CD79B
4184	SCN4A
4185	PRR29
4186	ICAM2
4187	ERN1
4188	PECAM1
4189	APOH
4190	PITPNC1
4191	BPTF
4192	KPNA2
4193	WIPI1
4194	ABCA6
4195	ABCA5
4196	RP1-193H18.3
4197	LINC01483
4198	KCNJ16
4199	KCNJ2
4200	SOX9
4201	SSTR2
4202	FAM104A
4203	GPRC5C
4204	CD300A
4205	CD300C
4206	CD300E
4207	FDXR
4208	HID1
4209	SLC16A5
4210	NT5C
4211	HN1
4212	MRPS7
4213	GRB2
4214	CASKIN2
4215	SMIM5
4216	ITGB4
4217	GALK1
4218	TRIM47
4219	UBALD2
4220	SPHK1
4221	ST6GALNAC1
4222	MXRA7
4223	METTL23
4224	SRSF2
4225	SEC14L1
4226	SEPT9
4227	TMC6
4228	C17orf99
4229	SYNGR2
4230	TK1
4231	AFMID
4232	BIRC5
4233	AC061992.2
4234	SOCS3
4235	TIMP2
4236	LGALS3BP
4237	C1QTNF1
4238	TBC1D16
4239	GAA
4240	EIF4A3
4241	CARD14
4242	SLC38A10
4243	ACTG1
4244	GCGR
4245	FAM195B
4246	ALYREF
4247	PCYT2
4248	PYCR1
4249	DCXR
4250	RP13-650J16.1
4251	DUS1L
4252	FASN
4253	CCDC57
4254	SLC16A3
4255	RP13-516M14.4
4256	CD7
4257	SECTM1
4258	C17orf62
4259	NARF
4260	METRNL
4261	TYMS
4262	NDC80
4263	SMCHD1
4264	LPIN2
4265	MYOM1
4266	TGIF1
4267	EPB41L3
4268	ARHGAP28
4269	RALBP1
4270	RAB31
4271	APCDD1
4272	CHMP1B
4273	IMPA2
4274	TUBB6
4275	PSMG2
4276	PTPN2
4277	ROCK1
4278	SNRPD1
4279	GATA6
4280	RP11-627G18.4
4281	CABLES1
4282	RIOK3
4283	ANKRD29
4284	OSBPL1A
4285	ZNF521
4286	CDH2
4287	DSG2
4288	KLHL14
4289	AC012123.1
4290	RP11-294N21.3
4291	RP11-322E11.5
4292	INO80C
4293	GALNT1
4294	TPGS2
4295	CELF4
4296	SLC14A1
4297	HAUS1
4298	ZBTB7C
4299	SMAD7
4300	LIPG
4301	ACAA2
4302	MYO5B
4303	RP11-1030E3.1
4304	SKA1
4305	MRO
4306	ME2
4307	DCC
4308	MBD2
4309	CCDC68
4310	TCF4
4311	TXNL1
4312	ONECUT2
4313	FECH
4314	NARS
4315	NEDD4L
4316	RP11-1151B14.3
4317	SEC11C
4318	CCBE1
4319	PMAIP1
4320	RP11-879F14.2
4321	RNF152
4322	TNFRSF11A
4323	BCL2
4324	KDSR
4325	SERPINB2
4326	CDH19
4327	DSEL
4328	CYB5A
4329	FAM69C
4330	CNDP2
4331	NFATC1
4332	PQLC1
4333	HSBP1L1
4334	TXNL4A
4335	TCF15
4336	PSMF1
4337	SDCBP2
4338	FKBP1A
4339	SIRPG
4340	SNRPB
4341	NOP56
4342	IDH3B
4343	CPXM1
4344	MRPS26
4345	OXT
4346	DDRGK1
4347	ITPA
4348	SIGLEC1
4349	HSPA12B
4350	C20orf27
4351	CDC25B
4352	LINC01433
4353	PRNP
4354	RASSF2
4355	SLC23A2
4356	PCNA
4357	BMP2
4358	HAO1
4359	TMX4
4360	PLCB1
4361	LAMP5
4362	PAK7
4363	JAG1
4364	PCSK2
4365	SNX5
4366	OVOL2
4367	DTD1
4368	RIN2
4369	NAA20
4370	RALGAPA2
4371	XRN2
4372	LINC00261
4373	FOXA2
4374	THBD
4375	CD93
4376	CST1
4377	CST7
4378	ID1
4379	BCL2L1
4380	TPX2
4381	CCM2L
4382	HCK
4383	ASXL1
4384	MAPRE1
4385	E2F1
4386	ZNF341-AS1
4387	CHMP4B
4388	AHCY
4389	MAP1LC3A
4390	ACSS2
4391	EDEM2
4392	PROCR
4393	MMP24-AS1
4394	SPAG4
4395	CPNE1
4396	MYL9
4397	SAMHD1
4398	MROH8
4399	RPN2
4400	SRC
4401	BLCAP
4402	VSTM2L
4403	TGM2
4404	BPI
4405	LBP
4406	FAM83D
4407	LINC01370
4408	MAFB
4409	SRSF6
4410	MYBL2
4411	TOX2
4412	HNF4A
4413	PKIG
4414	ADA
4415	WISP2
4416	STK4
4417	PI3
4418	SLPI
4419	SDC4
4420	PIGT
4421	WFDC2
4422	UBE2C
4423	CTSA
4424	PLTP
4425	CD40
4426	NCOA3
4427	SULF2
4428	PREX1
4429	DDX27
4430	PTGIS
4431	LINC01272
4432	PTPN1
4433	FAM65C
4434	DPM1
4435	KCNG1
4436	NFATC2
4437	TSHZ2
4438	PFDN4
4439	DOK5
4440	FAM210B
4441	AURKA
4442	RTFDC1
4443	RBM38
4444	PCK1
4445	ZBP1
4446	PMEPA1
4447	NELFCD
4448	TUBB1
4449	PRELID3B
4450	PHACTR3
4451	LAMA5-AS1
4452	SLCO4A1
4453	COL9A3
4454	SLC17A9
4455	PTK6
4456	SLC2A4RG
4457	PRPF6
4458	SOX18
4459	TCEA2
4460	RGS19
4461	PLPP2
4462	GZMM
4463	BSG
4464	RNF126
4465	FSTL3
4466	PRSS57
4467	PALM
4468	MISP
4469	PTBP1
4470	CFD
4471	ARID3A
4472	CNN2
4473	HMHA1
4474	POLR2E
4475	CBARP
4476	GAMT
4477	DAZAP1
4478	TCF3
4479	ABHD17A
4480	MKNK2
4481	AP3D1
4482	PLEKHJ1
4483	JSRP1
4484	LSM7
4485	TMPRSS9
4486	GNG7
4487	CTC-265F19.3
4488	THOP1
4489	S1PR4
4490	SMIM24
4491	TBXA2R
4492	MATK
4493	ZBTB7A
4494	MAP2K2
4495	CREB3L3
4496	EBI3
4497	TMIGD2
4498	AC007292.4
4499	CHAF1A
4500	UBXN6
4501	PLIN5
4502	CTB-50L17.14
4503	LRG1
4504	MYDGF
4505	UHRF1
4506	PTPRS
4507	CLPP
4508	CRB3
4509	TNFSF9
4510	CD70
4511	TNFSF14
4512	C3
4513	SH2D3A
4514	VAV1
4515	ADGRE1
4516	INSR
4517	MCOLN1
4518	STXBP2
4519	RETN
4520	MCEMP1
4521	FCER2
4522	CLEC4G
4523	CLEC4M
4524	TIMM44
4525	ELAVL1
4526	CERS4
4527	CD320
4528	NDUFA7
4529	KANK3
4530	ANGPTL4
4531	RAB11B-AS1
4532	MARCH2
4533	PRAM1
4534	MYO1F
4535	ZNF812P
4536	CTD-3116E22.8
4537	PIN1
4538	ANGPTL6
4539	P2RY11
4540	DNMT1
4541	MRPL4
4542	ICAM1
4543	S1PR5
4544	CDKN2D
4545	AP1M2
4546	SLC44A2
4547	ILF3-AS1
4548	ILF3
4549	DNM2
4550	C19orf38
4551	LDLR
4552	SPC24
4553	CTC-510F12.2
4554	ANGPTL8
4555	EPOR
4556	RGL3
4557	CCDC151
4558	CNN1
4559	ACP5
4560	CTC-499B15.5
4561	ASNA1
4562	JUNB
4563	PRDX2
4564	RNASEH2A
4565	DNASE2
4566	KLF1
4567	GCDH
4568	FARSA
4569	CALR
4570	CTC-425F1.4
4571	NFIX
4572	LYL1
4573	TRMT1
4574	IER2
4575	CTD-3252C9.4
4576	IL27RA
4577	ASF1B
4578	ADGRE5
4579	DDX39A
4580	PKN1
4581	ADGRE2
4582	NOTCH3
4583	PGLYRP2
4584	CYP4F2
4585	CYP4F11
4586	TPM4
4587	RAB8A
4588	HSH2D
4589	KLF2
4590	SMIM7
4591	OCEL1
4592	NR2F6
4593	USHBP1
4594	BABAM1
4595	PLVAP
4596	FAM129C
4597	B3GNT3
4598	CCDC124
4599	IFI30
4600	MPV17L2
4601	GDF15
4602	LRRC25
4603	KXD1
4604	COPE
4605	RFXANK
4606	ZNF90
4607	POP4
4608	PLEKHF1
4609	CCNE1
4610	TDRD12
4611	CEBPA
4612	CTC-526N19.1
4613	KIAA0355
4614	UBA2
4615	GRAMD1A
4616	SCN1B
4617	HPN
4618	FXYD3
4619	LGI4
4620	FXYD1
4621	FXYD5
4622	LSR
4623	HAMP
4624	MAG
4625	CD22
4626	FFAR3
4627	GPR42
4628	FFAR2
4629	DMKN
4630	RBM42
4631	ZBTB32
4632	PSENEN
4633	HSPB6
4634	PRODH2
4635	APLP1
4636	TYROBP
4637	TBCB
4638	COX7A1
4639	SPINT2
4640	PPP1R14A
4641	C19orf33
4642	YIF1B
4643	KCNK6
4644	MAP4K1
4645	CAPN12
4646	LGALS4
4647	TIMM50
4648	FBL
4649	FCGBP
4650	PSMC4
4651	PLD3
4652	SERTAD1
4653	BLVRB
4654	SHKBP1
4655	LTBP4
4656	SNRPA
4657	MIA
4658	EGLN2
4659	CYP2A6
4660	CYP2A7
4661	CYP2B6
4662	AXL
4663	HNRNPUL1
4664	TGFB1
4665	TMEM91
4666	PCAT19
4667	LINC01480
4668	AC006129.2
4669	CEACAM4
4670	CEACAM6
4671	CD79A
4672	ARHGEF1
4673	POU2F2
4674	PAFAH1B3
4675	TMEM145
4676	LIPE-AS1
4677	CEACAM1
4678	ETHE1
4679	ZNF428
4680	PLAUR
4681	KCNN4
4682	LYPD5
4683	IGSF23
4684	BCL3
4685	BCAM
4686	PVRL2
4687	TOMM40
4688	APOE
4689	APOC4-APOC2
4690	APOC2
4691	RELB
4692	ZNF296
4693	TRAPPC6A
4694	EXOC3L2
4695	FOSB
4696	PPM1N
4697	VASP
4698	GPR4
4699	NOVA2
4700	HIF3A
4701	CTB-158D10.3
4702	CALM3
4703	PTGIR
4704	PRKD2
4705	SLC1A5
4706	SAE1
4707	C5AR1
4708	C5AR2
4709	NAPA
4710	EHD2
4711	CARD8
4712	EMP3
4713	CYTH2
4714	FUT2
4715	RASIP1
4716	FGF21
4717	HSD17B14
4718	BAX
4719	FTL
4720	RUVBL2
4721	SNRNP70
4722	TRPM4
4723	CD37
4724	PIH1D1
4725	RCN3
4726	NOSIP
4727	RRAS
4728	BCL2L12
4729	PRMT1
4730	PNKP
4731	SPIB
4732	EMC10
4733	ASPDH
4734	CLEC11A
4735	C19orf48
4736	KLK11
4737	SIGLEC7
4738	CD33
4739	ETFB
4740	NKG7
4741	SIGLEC10
4742	SIGLEC8
4743	SIGLEC14
4744	HAS1
4745	FPR1
4746	FPR3
4747	PPP2R1A
4748	ZNF534
4749	ZNF331
4750	MYADM
4751	OSCAR
4752	TMC4
4753	LILRB3
4754	LILRB2
4755	LILRB5
4756	LILRA5
4757	LAIR1
4758	CDC42EP5
4759	LAIR2
4760	LILRA2
4761	LILRB1
4762	LILRB4
4763	KIR2DL3
4764	KIR2DL1
4765	KIR3DL2
4766	CTB-61M7.2
4767	NCR1
4768	NLRP7
4769	TNNT1
4770	BRSK1
4771	COX6B2
4772	UBE2S
4773	SHISA7
4774	ZNF580
4775	ZNF581
4776	EPN1
4777	ZNF667
4778	ZNF667-AS1
4779	AC007228.11
4780	SLC27A5
4781	TRIM28
4782	UBE2M
4783	MZF1-AS1
4784	AC016629.3
4785	RPS4Y1
4786	AC010084.1
4787	DDX3Y
4788	EIF1AY
4789	CECR1
4790	SLC25A18
4791	AC004019.13
4792	ATP6V1E1
4793	UFD1L
4794	CDC45
4795	CLDN5
4796	TBX1
4797	COMT
4798	AC006547.8
4799	RANBP1
4800	SLC7A4
4801	SDF2L1
4802	PPM1F
4803	IGLVI-70
4804	IGLV4-69
4805	IGLV8-61
4806	IGLV4-60
4807	IGLV6-57
4808	IGLV10-54
4809	IGLV1-51
4810	IGLV9-49
4811	IGLV5-48
4812	IGLV1-47
4813	IGLV7-46
4814	IGLV5-45
4815	IGLV1-44
4816	IGLV7-43
4817	IGLV1-40
4818	IGLV3-27
4819	IGLV3-25
4820	IGLV2-23
4821	IGLV3-21
4822	IGLV3-19
4823	IGLV2-18
4824	IGLV3-16
4825	IGLV2-14
4826	IGLV2-11
4827	IGLV3-10
4828	IGLV2-8
4829	IGLV3-1
4830	IGLL5
4831	IGLC2
4832	IGLC3
4833	IGLC6
4834	IGLC7
4835	BCR
4836	RGL4
4837	VPREB3
4838	SMARCB1
4839	DERL3
4840	DDT
4841	SUSD2
4842	GGT5
4843	UPB1
4844	GUCD1
4845	GGT1
4846	ASPHD2
4847	TPST2
4848	CRYBA4
4849	XBP1
4850	CTA-292E10.6
4851	KREMEN1
4852	EWSR1
4853	GAS2L1
4854	AP1B1
4855	NEFH
4856	NIPSNAP1
4857	LIF
4858	OSM
4859	SEC14L2
4860	RP4-539M6.22
4861	TCN2
4862	SMTN
4863	SELM
4864	PIK3IP1
4865	SLC5A1
4866	FBXO7
4867	SYN3
4868	TIMP3
4869	HMGXB4
4870	CTA-286B10.7
4871	HMOX1
4872	MCM5
4873	MB
4874	APOL6
4875	APOL3
4876	APOL2
4877	APOL1
4878	PVALB
4879	NCF4
4880	CSF2RB
4881	TST
4882	TMPRSS6
4883	IL2RB
4884	RAC2
4885	CYTH4
4886	MFNG
4887	CDC42EP1
4888	LGALS2
4889	GGA1
4890	LGALS1
4891	TRIOBP
4892	H1F0
4893	MAFF
4894	CSNK1E
4895	KDELR3
4896	CBX6
4897	APOBEC3A
4898	APOBEC3B
4899	APOBEC3C
4900	APOBEC3G
4901	APOBEC3H
4902	PDGFB
4903	SYNGR1
4904	ADSL
4905	PHF5A
4906	ACO2
4907	PMM1
4908	DESI1
4909	MEI1
4910	TNFRSF13C
4911	CENPM
4912	NAGA
4913	CYP2D6
4914	RRP7A
4915	SERHL2
4916	RNU12
4917	A4GALT
4918	BIK
4919	TSPO
4920	SAMM50
4921	PARVB
4922	PARVG
4923	PRR5
4924	FBLN1
4925	PPARA
4926	TTC38
4927	GTSE1
4928	LL22NC03-75H12.2
4929	CRELD2
4930	PIM3
4931	TRABD
4932	SELO
4933	DENND6B
4934	NCAPH2
4935	ODF3B
4936	SHANK3
4937	SAMSN1
4938	MIR99AHG
4939	CXADR
4940	BTG3
4941	MIR155HG
4942	MRPL39
4943	JAM2
4944	APP
4945	CYYR1
4946	ADAMTS1
4947	USP16
4948	CCT8
4949	MAP3K7CL
4950	TIAM1
4951	EVA1C
4952	TCP10L
4953	C21orf62
4954	IFNAR2
4955	IL10RB
4956	IFNAR1
4957	IFNGR2
4958	MRPS6
4959	RCAN1
4960	CLIC6
4961	RUNX1
4962	CBR1
4963	CBR3
4964	DOPEY2
4965	AP000692.10
4966	AP000695.4
4967	PIGP
4968	TTC3
4969	KCNJ15
4970	ERG
4971	PSMG1
4972	BACE2
4973	FAM3B
4974	ZNF295-AS1
4975	ABCG1
4976	TFF3
4977	TFF2
4978	TFF1
4979	RSPH1
4980	WDR4
4981	FRGCA
4982	HSF2BP
4983	PDXK
4984	C21orf33
4985	AP001059.7
4986	PTTG1IP
4987	ITGB2
4988	FAM207A
4989	COL18A1
4990	COL6A1
4991	COL6A2
4992	FTCD
4993	LSS
4994	C21orf58
4995	S100B
4996	AC004556.1
4997	AC233755.2
4998	AC233755.1
